,url,timestamp_start,timestamp_finish,n_segment,t_download_s,body_size_byte,bandwidth_mbit,byte_start,byte_end,seg_len_s,t_start,t_end,quality_level_chosen,bitrate_level,vmaf_level,previous_bitrate,previous_vmaf,previous_quality,quality_shift_byte_-2,quality_shift_vmaf_-2,quality_shift_bitrate_-2,quality_shift_byte_-1,quality_shift_vmaf_-1,quality_shift_bitrate_-1,quality_shift_byte_0,quality_shift_vmaf_0,quality_shift_bitrate_0,quality_shift_byte_1,quality_shift_vmaf_1,quality_shift_bitrate_1,quality_shift_byte_2,quality_shift_vmaf_2,quality_shift_bitrate_2,quality_shift,buffer_estimate_0,rebuffer_estimate_0,t_download_s_-1,quality_level_chosen_-1,bandwidth_mbit_-1,t_download_s_-2,quality_level_chosen_-2,bandwidth_mbit_-2
0,https://cloudfront.tubi.video/98a64629-0f7e-4833-9c18-7030bf519349/ce7tamss/segment-0.ts,1576341598.777,1576341601.261,0,2.465,869688,2.822516835699797,0,0,4.087411,0.0,4.09,2,1702178.0,100.0,0.0,0.0,0.0,117688.0,85.54148876288656,230342.0,117688.0,85.54148876288656,230342.0,117688.0,85.54148876288656,230342.0,409464.0,92.99672947916667,801414.0,869688.0,100.0,1702178.0,-2.0,0.0,0.0,,,,,,
1,https://cloudfront.tubi.video/98a64629-0f7e-4833-9c18-7030bf519349/ce7tamss/segment-1.ts,1576341601.382,1576341613.841,1,12.435,848632,0.5459634901487735,0,0,4.074355000000001,4.09,8.16,2,1666289.0,100.0,,,,,,,,,,,,,,,,,,,,,,,,,,,
2,https://cloudfront.tubi.video/98a64629-0f7e-4833-9c18-7030bf519349/jtbsrm5j/segment-2.ts,1576341613.94,1576341613.987,2,0.025,96632,30.92224,0,0,4.209655000000001,8.16,12.37,0,183638.0,91.33959072916662,,,,,,,,,,,,,,,,,,,,,,,,,,,
3,https://cloudfront.tubi.video/98a64629-0f7e-4833-9c18-7030bf519349/jtbsrm5j/segment-3.ts,1576341614.003,1576341614.052,3,0.023,90616,31.518608695652176,0,0,4.129111,12.37,16.5,0,172088.0,87.09547083333324,1666289.0,100.0,2.0,90616.0,87.09547083333324,172088.0,99640.0,93.58581145833323,193048.0,105656.0,100.0,204704.0,105656.0,100.0,204704.0,105656.0,100.0,204704.0,2.0,8.118000059127807,0.0,0.025,0.0,30.92224,12.435,2.0,0.5459634901487735
4,https://cloudfront.tubi.video/98a64629-0f7e-4833-9c18-7030bf519349/jtbsrm5j/segment-4.ts,1576341614.064,1576341614.113,4,0.023,90616,31.518608695652176,0,0,4.081644,16.5,20.58,0,177356.0,78.14668718749998,,,,,,,,,,,,,,,,,,,,,,,,,,,
5,https://cloudfront.tubi.video/98a64629-0f7e-4833-9c18-7030bf519349/jtbsrm5j/segment-5.ts,1576341614.129,1576341614.1859999,5,0.035,138744,31.712914285714284,0,0,4.068589,20.58,24.65,0,264669.0,91.18576312499987,,,,,,,,,,,,,,,,,,,,,,,,,,,
6,https://cloudfront.tubi.video/98a64629-0f7e-4833-9c18-7030bf519349/jtbsrm5j/segment-6.ts,1576341614.196,1576341614.256,6,0.039,147768,30.31138461538461,0,0,4.203888,24.65,28.85,0,281202.0,80.27385322916666,,,,,,,,,,,,,,,,,,,,,,,,,,,
7,https://cloudfront.tubi.video/98a64629-0f7e-4833-9c18-7030bf519349/jtbsrm5j/segment-7.ts,1576341614.265,1576341614.322,7,0.031,135736,35.02864516129032,0,0,4.170822,28.85,33.02,0,260353.0,80.10983968749998,,,,,,,,,,,,,,,,,,,,,,,,,,,
8,https://cloudfront.tubi.video/98a64629-0f7e-4833-9c18-7030bf519349/jtbsrm5j/segment-8.ts,1576341614.34,1576341614.3839998,8,0.022,93624,34.04509090909091,0,0,4.254244,33.03,37.28,0,176535.0,84.93139281249992,,,,,,,,,,,,,,,,,,,,,,,,,,,
9,https://cloudfront.tubi.video/98a64629-0f7e-4833-9c18-7030bf519349/jtbsrm5j/segment-9.ts,1576341614.392,1576341614.435,9,0.021,90616,34.520380952380954,0,0,4.211176999999999,37.28,41.49,0,172143.0,77.5209421875,,,,,,,,,,,,,,,,,,,,,,,,,,,
10,https://cloudfront.tubi.video/98a64629-0f7e-4833-9c18-7030bf519349/jtbsrm5j/segment-10.ts,1576341614.444,1576341614.5,10,0.035,159800,36.52571428571428,0,0,4.2125330000000005,41.49,45.7,0,306510.0,81.30198833333321,,,,,,,,,,,,,,,,,,,,,,,,,,,
11,https://cloudfront.tubi.video/98a64629-0f7e-4833-9c18-7030bf519349/jtbsrm5j/segment-11.ts,1576341614.511,1576341614.606,11,0.069,343288,39.80150724637681,0,0,4.2125330000000005,45.7,49.91,0,658456.0,13.311880520833334,,,,,,,,,,,,,,,,,,,,,,,,,,,
12,https://cloudfront.tubi.video/98a64629-0f7e-4833-9c18-7030bf519349/jtbsrm5j/segment-12.ts,1576341614.616,1576341614.733,12,0.08,337272,33.727199999999996,0,0,4.254244,49.92,54.17,0,649609.0,79.33003770833334,,,,,,,,,,,,,,,,,,,,,,,,,,,
13,https://cloudfront.tubi.video/98a64629-0f7e-4833-9c18-7030bf519349/gtujhtqe/segment-13.ts,1576341614.777,1576341615.396,13,0.33,710264,17.21852121212121,0,0,4.205411,54.17,58.38,1,1392575.0,22.16465666666668,,,,,,,,,,,,,,,,,,,,,,,,,,,
14,https://cloudfront.tubi.video/98a64629-0f7e-4833-9c18-7030bf519349/gtujhtqe/segment-12.ts,1576341615.42,1576341616.053,12,0.326,704248,17.282159509202454,0,0,4.254244,49.92,54.17,1,1350805.0,44.3133025,,,,,,,,,,,,,,,,,,,,,,,,,,,
15,https://cloudfront.tubi.video/98a64629-0f7e-4833-9c18-7030bf519349/gtujhtqe/segment-13.ts,1576341616.096,1576341616.236,13,0.116,710264,48.983724137931034,0,0,4.205411,54.17,58.38,1,1392575.0,22.16465666666668,,,,,,,,,,,,,,,,,,,,,,,,,,,
16,https://cloudfront.tubi.video/98a64629-0f7e-4833-9c18-7030bf519349/gtujhtqe/segment-14.ts,1576341616.255,1576341616.512,14,0.115,689208,47.94490434782608,0,0,4.087411,58.38,62.47,1,1302214.0,22.16465666666668,,,,,,,,,,,,,,,,,,,,,,,,,,,
17,https://cloudfront.tubi.video/98a64629-0f7e-4833-9c18-7030bf519349/gtujhtqe/segment-15.ts,1576341616.532,1576341617.1390002,15,0.311,668152,17.18718971061093,0,0,4.160823000000001,62.46,66.62,1,1284653.0,83.39911510416663,,,,,,,,,,,,,,,,,,,,,,,,,,,
18,https://cloudfront.tubi.video/98a64629-0f7e-4833-9c18-7030bf519349/ce7tamss/segment-16.ts,1576341617.155,1576341617.523,16,0.227,1363000,48.0352422907489,0,0,4.254244,66.62,70.87,2,2563087.0,100.0,,,,,,,,,,,,,,,,,,,,,,,,,,,
19,https://cloudfront.tubi.video/98a64629-0f7e-4833-9c18-7030bf519349/ce7tamss/segment-15.ts,1576341617.56,1576341617.8769999,15,0.21,1284792,48.94445714285714,0,0,4.160823000000001,62.46,66.62,2,2470265.0,100.0,,,,,,,,,,,,,,,,,,,,,,,,,,,
20,https://cloudfront.tubi.video/98a64629-0f7e-4833-9c18-7030bf519349/ce7tamss/segment-16.ts,1576341617.898,1576341618.131,16,0.214,1363000,50.953271028037385,0,0,4.254244,66.62,70.87,2,2563087.0,100.0,,,,,,,,,,,,,,,,,,,,,,,,,,,
21,https://cloudfront.tubi.video/98a64629-0f7e-4833-9c18-7030bf519349/ce7tamss/segment-17.ts,1576341618.161,1576341618.51,17,0.224,1408120,50.29,0,0,4.199633,70.88,75.08,2,2682367.0,100.0,,,,,,,,,,,,,,,,,,,,,,,,,,,
22,https://cloudfront.tubi.video/98a64629-0f7e-4833-9c18-7030bf519349/ce7tamss/segment-18.ts,1576341618.533,1576341618.854,18,0.219,1308856,47.812091324200914,0,0,4.129122,75.08,79.21,2,2535853.0,100.0,,,,,,,,,,,,,,,,,,,,,,,,,,,
23,https://cloudfront.tubi.video/98a64629-0f7e-4833-9c18-7030bf519349/ce7tamss/segment-19.ts,1576341618.879,1576341619.122,19,0.22,1311864,47.704145454545454,0,0,4.238466000000001,79.21,83.45,2,2476110.0,100.0,,,,,,,,,,,,,,,,,,,,,,,,,,,
24,https://cloudfront.tubi.video/98a64629-0f7e-4833-9c18-7030bf519349/ce7tamss/segment-20.ts,1576341619.151,1576341619.915,20,0.465,1251704,21.534692473118277,0,0,4.248633,83.45,87.7,2,2356906.0,100.0,,,,,,,,,,,,,,,,,,,,,,,,,,,
25,https://cloudfront.tubi.video/98a64629-0f7e-4833-9c18-7030bf519349/ce7tamss/segment-21.ts,1576341619.944,1576341620.656,21,0.41500000000000004,1257720,24.245204819277106,0,0,4.193877,87.69,91.88,2,2399154.0,100.0,,,,,,,,,,,,,,,,,,,,,,,,,,,
26,https://cloudfront.tubi.video/98a64629-0f7e-4833-9c18-7030bf519349/ce7tamss/segment-22.ts,1576341620.679,1576341620.99,22,0.221,1414136,51.19044343891402,0,0,4.0874,91.89,95.98,2,2767795.0,100.0,,,,,,,,,,,,,,,,,,,,,,,,,,,
27,https://cloudfront.tubi.video/98a64629-0f7e-4833-9c18-7030bf519349/ce7tamss/segment-23.ts,1576341621.027,1576341621.6629999,23,0.352,1002040,22.773636363636367,0,0,4.065867,95.98,100.05,2,1971613.0,100.0,,,,,,,,,,,,,,,,,,,,,,,,,,,
28,https://cloudfront.tubi.video/98a64629-0f7e-4833-9c18-7030bf519349/ce7tamss/segment-24.ts,1576341621.688,1576341622.101,24,0.126,96632,6.135365079365079,0,0,4.2428669999999995,100.04,104.28,2,182201.0,100.0,,,,,,,,,,,,,,,,,,,,,,,,,,,
29,https://cloudfront.tubi.video/98a64629-0f7e-4833-9c18-7030bf519349/ce7tamss/segment-25.ts,1576341622.112,1576341622.376,25,0.148,1047160,56.60324324324324,0,0,4.169622,104.28,108.45,2,2009122.0,100.0,,,,,,,,,,,,,,,,,,,,,,,,,,,
30,https://cloudfront.tubi.video/98a64629-0f7e-4833-9c18-7030bf519349/ce7tamss/segment-26.ts,1576341622.403,1576341622.709,26,0.185,1350968,58.42023783783784,0,0,4.170833,108.45,112.62,2,2591267.0,100.0,,,,,,,,,,,,,,,,,,,,,,,,,,,
31,https://cloudfront.tubi.video/98a64629-0f7e-4833-9c18-7030bf519349/ce7tamss/segment-27.ts,1576341626.225,1576341626.4959998,27,0.181,1378040,60.907845303867404,0,0,4.170822,112.62,116.79,2,2643200.0,100.0,,,,,,,,,,,,,,,,,,,,,,,,,,,
32,https://cloudfront.tubi.video/98a64629-0f7e-4833-9c18-7030bf519349/ce7tamss/segment-28.ts,1576341630.225,1576341630.74,28,0.40700000000000003,1353976,26.613778869778866,0,0,4.129122,116.8,120.93,2,2623271.0,100.0,,,,,,,,,,,,,,,,,,,,,,,,,,,
33,https://cloudfront.tubi.video/98a64629-0f7e-4833-9c18-7030bf519349/ce7tamss/segment-29.ts,1576341634.226,1576341634.661,29,0.331,1356984,32.79719637462235,0,0,4.247266000000001,120.92,125.17,2,2555967.0,100.0,,,,,,,,,,,,,,,,,,,,,,,,,,,
34,https://cloudfront.tubi.video/98a64629-0f7e-4833-9c18-7030bf519349/ce7tamss/segment-30.ts,1576341638.326,1576341638.6629999,30,0.214,1341944,50.1661308411215,0,0,4.234211,125.17,129.4,2,2535431.0,100.0,,,,,,,,,,,,,,,,,,,,,,,,,,,
35,https://cloudfront.tubi.video/98a64629-0f7e-4833-9c18-7030bf519349/ce7tamss/segment-31.ts,1576341642.321,1576341642.637,31,0.18,1308856,58.17137777777778,0,0,4.202666000000001,129.41,133.61,2,2491477.0,100.0,,,,,,,,,,,,,,,,,,,,,,,,,,,
36,https://cloudfront.tubi.video/98a64629-0f7e-4833-9c18-7030bf519349/ce7tamss/segment-32.ts,1576341646.325,1576341647.053,32,0.435,1426168,26.22837701149425,0,0,4.1479,133.61,137.76,2,2750631.0,100.0,,,,,,,,,,,,,,,,,,,,,,,,,,,
37,https://cloudfront.tubi.video/98a64629-0f7e-4833-9c18-7030bf519349/ce7tamss/segment-33.ts,1576341650.321,1576341651.1200001,33,0.495,1287800,20.81292929292929,0,0,4.116366,137.76,141.88,2,2502790.0,100.0,,,,,,,,,,,,,,,,,,,,,,,,,,,
38,https://cloudfront.tubi.video/98a64629-0f7e-4833-9c18-7030bf519349/ce7tamss/segment-34.ts,1576341654.328,1576341655.186,34,0.5690000000000001,1399096,19.670945518453422,0,0,4.209955,141.87,146.08,2,2658643.0,100.0,,,,,,,,,,,,,,,,,,,,,,,,,,,
39,https://cloudfront.tubi.video/98a64629-0f7e-4833-9c18-7030bf519349/ce7tamss/segment-35.ts,1576341658.328,1576341658.785,35,0.34900000000000003,1350968,30.967747851002862,0,0,4.1969,146.08,150.28,2,2575173.0,100.0,,,,,,,,,,,,,,,,,,,,,,,,,,,
40,https://cloudfront.tubi.video/98a64629-0f7e-4833-9c18-7030bf519349/ce7tamss/segment-36.ts,1576341662.322,1576341662.8500001,36,0.388,1353976,27.917030927835047,0,0,4.207066,150.28,154.49,2,2574670.0,100.0,,,,,,,,,,,,,,,,,,,,,,,,,,,
41,https://cloudfront.tubi.video/98a64629-0f7e-4833-9c18-7030bf519349/ce7tamss/segment-37.ts,1576341666.325,1576341666.727,37,0.28500000000000003,1269752,35.642161403508766,0,0,4.0688889999999995,154.49,158.56,2,2496508.0,100.0,,,,,,,,,,,,,,,,,,,,,,,,,,,
42,https://cloudfront.tubi.video/98a64629-0f7e-4833-9c18-7030bf519349/ce7tamss/segment-38.ts,1576341670.322,1576341670.741,38,0.3,1363000,36.34666666666667,0,0,4.120767,158.56,162.68,2,2646109.0,100.0,,,,,,,,,,,,,,,,,,,,,,,,,,,
43,https://cloudfront.tubi.video/98a64629-0f7e-4833-9c18-7030bf519349/ce7tamss/segment-39.ts,1576341674.326,1576341675.062,39,0.435,1369016,25.177305747126436,0,0,4.149422,162.68,166.83,2,2639434.0,100.0,,,,,,,,,,,,,,,,,,,,,,,,,,,
44,https://cloudfront.tubi.video/98a64629-0f7e-4833-9c18-7030bf519349/ce7tamss/segment-40.ts,1576341678.326,1576341678.652,40,0.215,1393080,51.835534883720925,0,0,4.243011,166.83,171.07,2,2626587.0,100.0,,,,,,,,,,,,,,,,,,,,,,,,,,,
45,https://cloudfront.tubi.video/98a64629-0f7e-4833-9c18-7030bf519349/ce7tamss/segment-41.ts,1576341682.321,1576341682.71,41,0.277,1317880,38.06151624548736,0,0,4.211466000000001,171.07,175.28,2,2503413.0,100.0,,,,,,,,,,,,,,,,,,,,,,,,,,,
46,https://cloudfront.tubi.video/98a64629-0f7e-4833-9c18-7030bf519349/ce7tamss/segment-42.ts,1576341686.326,1576341687.175,42,0.555,1353976,19.516771171171168,0,0,4.240122,175.28,179.52,2,2554598.0,100.0,,,,,,,,,,,,,,,,,,,,,,,,,,,
47,https://cloudfront.tubi.video/98a64629-0f7e-4833-9c18-7030bf519349/ce7tamss/segment-43.ts,1576341690.322,1576341690.682,43,0.246,1320888,42.95570731707316,0,0,4.208577,179.52,183.73,2,2510849.0,100.0,,,,,,,,,,,,,,,,,,,,,,,,,,,
48,https://cloudfront.tubi.video/98a64629-0f7e-4833-9c18-7030bf519349/ce7tamss/segment-44.ts,1576341694.326,1576341695.195,44,0.546,1356984,19.882549450549448,0,0,4.254244,183.73,187.98,2,2551774.0,100.0,,,,,,,,,,,,,,,,,,,,,,,,,,,
49,https://cloudfront.tubi.video/98a64629-0f7e-4833-9c18-7030bf519349/ce7tamss/segment-45.ts,1576341698.326,1576341698.82,45,0.366,1411128,30.84432786885246,0,0,4.2474110000000005,187.98,192.23,2,2657860.0,100.0,,,,,,,,,,,,,,,,,,,,,,,,,,,
50,https://cloudfront.tubi.video/98a64629-0f7e-4833-9c18-7030bf519349/ce7tamss/segment-46.ts,1576341702.322,1576341702.681,46,0.254,1284792,40.46588976377952,0,0,4.150933,192.23,196.38,2,2476150.0,100.0,,,,,,,,,,,,,,,,,,,,,,,,,,,
51,https://cloudfront.tubi.video/98a64629-0f7e-4833-9c18-7030bf519349/ce7tamss/segment-47.ts,1576341706.327,1576341706.643,47,0.193,1366008,56.6220932642487,0,0,4.1611,196.38,200.54,2,2626244.0,100.0,,,,,,,,,,,,,,,,,,,,,,,,,,,
52,https://cloudfront.tubi.video/98a64629-0f7e-4833-9c18-7030bf519349/ce7tamss/segment-48.ts,1576341710.321,1576341711.0,48,0.389,1293816,26.608041131105395,0,0,4.129122,200.54,204.67,2,2506714.0,100.0,,,,,,,,,,,,,,,,,,,,,,,,,,,
53,https://cloudfront.tubi.video/98a64629-0f7e-4833-9c18-7030bf519349/ce7tamss/segment-49.ts,1576341714.326,1576341715.132,49,0.442,1393080,25.21411764705882,0,0,4.199922,204.67,208.87,2,2653534.0,100.0,,,,,,,,,,,,,,,,,,,,,,,,,,,
54,https://cloudfront.tubi.video/98a64629-0f7e-4833-9c18-7030bf519349/ce7tamss/segment-50.ts,1576341718.327,1576341718.632,50,0.199,1350968,54.310271356783915,0,0,4.251811,208.87,213.12,2,2541915.0,100.0,,,,,,,,,,,,,,,,,,,,,,,,,,,
55,https://cloudfront.tubi.video/98a64629-0f7e-4833-9c18-7030bf519349/ce7tamss/segment-51.ts,1576341722.321,1576341722.989,51,0.375,1344952,28.69230933333333,0,0,4.238755,213.12,217.36,2,2538390.0,100.0,,,,,,,,,,,,,,,,,,,,,,,,,,,
56,https://cloudfront.tubi.video/98a64629-0f7e-4833-9c18-7030bf519349/ce7tamss/segment-52.ts,1576341726.326,1576341726.999,52,0.396,1326904,26.80614141414141,0,0,4.248911,217.36,221.61,2,2498341.0,100.0,,,,,,,,,,,,,,,,,,,,,,,,,,,
57,https://cloudfront.tubi.video/98a64629-0f7e-4833-9c18-7030bf519349/ce7tamss/segment-53.ts,1576341730.321,1576341730.7310002,53,0.29,1326904,36.60424827586207,0,0,4.194155,221.61,225.8,2,2530958.0,100.0,,,,,,,,,,,,,,,,,,,,,,,,,,,
58,https://cloudfront.tubi.video/98a64629-0f7e-4833-9c18-7030bf519349/ce7tamss/segment-54.ts,1576341734.327,1576341735.086,54,0.465,1381048,23.759965591397844,0,0,4.162611,225.81,229.97,2,2654195.0,100.0,,,,,,,,,,,,,,,,,,,,,,,,,,,
59,https://cloudfront.tubi.video/98a64629-0f7e-4833-9c18-7030bf519349/ce7tamss/segment-55.ts,1576341738.427,1576341738.81,55,0.271,1347960,39.79217712177122,0,0,4.129111,229.97,234.1,2,2611622.0,100.0,,,,,,,,,,,,,,,,,,,,,,,,,,,
60,https://cloudfront.tubi.video/98a64629-0f7e-4833-9c18-7030bf519349/ce7tamss/segment-56.ts,1576341742.421,1576341742.815,56,0.258,1230648,38.159627906976745,0,0,4.118022,234.1,238.22,2,2390755.0,100.0,,,,,,,,,,,,,,,,,,,,,,,,,,,
61,https://cloudfront.tubi.video/98a64629-0f7e-4833-9c18-7030bf519349/ce7tamss/segment-57.ts,1576341746.325,1576341746.8070002,57,0.37,1375032,29.730421621621623,0,0,4.128189,238.22,242.35,2,2664668.0,100.0,,,,,,,,,,,,,,,,,,,,,,,,,,,
62,https://cloudfront.tubi.video/98a64629-0f7e-4833-9c18-7030bf519349/ce7tamss/segment-58.ts,1576341750.424,1576341750.7810001,58,0.244,1359992,44.58990163934426,0,0,4.198555000000001,242.34,246.54,2,2591352.0,100.0,,,,,,,,,,,,,,,,,,,,,,,,,,,
63,https://cloudfront.tubi.video/98a64629-0f7e-4833-9c18-7030bf519349/ce7tamss/segment-59.ts,1576341754.425,1576341755.263,59,0.537,1356984,20.21577653631285,0,0,4.212522,246.54,250.75,2,2577048.0,100.0,,,,,,,,,,,,,,,,,,,,,,,,,,,
64,https://cloudfront.tubi.video/98a64629-0f7e-4833-9c18-7030bf519349/ce7tamss/segment-60.ts,1576341758.427,1576341759.257,60,0.544,1378040,20.265294117647056,0,0,4.129122,250.75,254.88,2,2669894.0,100.0,,,,,,,,,,,,,,,,,,,,,,,,,,,
65,https://cloudfront.tubi.video/98a64629-0f7e-4833-9c18-7030bf519349/ce7tamss/segment-61.ts,1576341762.421,1576341762.932,61,0.422,1344952,25.496720379146918,0,0,4.1641330000000005,254.88,259.04,2,2583879.0,100.0,,,,,,,,,,,,,,,,,,,,,,,,,,,
66,https://cloudfront.tubi.video/98a64629-0f7e-4833-9c18-7030bf519349/ce7tamss/segment-62.ts,1576341766.426,1576341767.173,62,0.445,1314872,23.63814831460674,0,0,4.129122,259.05,263.18,2,2547509.0,100.0,,,,,,,,,,,,,,,,,,,,,,,,,,,
67,https://cloudfront.tubi.video/98a64629-0f7e-4833-9c18-7030bf519349/ce7tamss/segment-63.ts,1576341770.421,1576341771.084,63,0.378,1329912,28.146285714285714,0,0,4.2029440000000005,263.18,267.38,2,2531391.0,100.0,,,,,,,,,,,,,,,,,,,,,,,,,,,
68,https://cloudfront.tubi.video/98a64629-0f7e-4833-9c18-7030bf519349/ce7tamss/segment-64.ts,1576341774.427,1576341774.6790001,64,0.13,1432184,88.13439999999999,0,0,4.254244,267.38,271.63,2,2693186.0,100.0,,,,,,,,,,,,,,,,,,,,,,,,,,,
69,https://cloudfront.tubi.video/98a64629-0f7e-4833-9c18-7030bf519349/ce7tamss/segment-65.ts,1576341778.426,1576341778.651,65,0.113,1302840,92.23646017699114,0,0,4.241777,271.63,275.87,2,2457158.0,100.0,,,,,,,,,,,,,,,,,,,,,,,,,,,
70,https://cloudfront.tubi.video/98a64629-0f7e-4833-9c18-7030bf519349/ce7tamss/segment-66.ts,1576341782.423,1576341783.079,66,0.368,1308856,28.45339130434783,0,0,4.210233000000001,275.88,280.09,2,2486999.0,100.0,,,,,,,,,,,,,,,,,,,,,,,,,,,
71,https://cloudfront.tubi.video/98a64629-0f7e-4833-9c18-7030bf519349/ce7tamss/segment-67.ts,1576341786.427,1576341786.718,67,0.153,1363000,71.26797385620915,0,0,4.087411,280.09,284.18,2,2667703.0,100.0,,,,,,,,,,,,,,,,,,,,,,,,,,,
72,https://cloudfront.tubi.video/98a64629-0f7e-4833-9c18-7030bf519349/ce7tamss/segment-68.ts,1576341790.422,1576341793.5879998,68,2.871,1363000,3.797979797979798,0,0,4.123933999999999,284.17,288.29,2,2644077.0,100.0,,,,,,,,,,,,,,,,,,,,,,,,,,,
73,https://cloudfront.tubi.video/98a64629-0f7e-4833-9c18-7030bf519349/ce7tamss/segment-69.ts,1576341794.421,1576341794.698,69,0.125,1384056,88.579584,0,0,4.194289,288.3,292.49,2,2639886.0,100.0,,,,,,,,,,,,,,,,,,,,,,,,,,,
74,https://cloudfront.tubi.video/98a64629-0f7e-4833-9c18-7030bf519349/ce7tamss/segment-70.ts,1576341798.427,1576341798.667,70,0.122,1387064,90.95501639344262,0,0,4.204455,292.49,296.69,2,2639227.0,100.0,,,,,,,,,,,,,,,,,,,,,,,,,,,
75,https://cloudfront.tubi.video/98a64629-0f7e-4833-9c18-7030bf519349/ce7tamss/segment-71.ts,1576341802.421,1576341803.085,71,0.37,1329912,28.754854054054054,0,0,4.233122,296.7,300.93,2,2513344.0,100.0,,,,,,,,,,,,,,,,,,,,,,,,,,,
76,https://cloudfront.tubi.video/98a64629-0f7e-4833-9c18-7030bf519349/ce7tamss/segment-72.ts,1576341806.427,1576341806.751,72,0.216,1308856,48.47614814814815,0,0,4.159866,300.93,305.09,2,2517111.0,100.0,,,,,,,,,,,,,,,,,,,,,,,,,,,
77,https://cloudfront.tubi.video/98a64629-0f7e-4833-9c18-7030bf519349/ce7tamss/segment-73.ts,1576341810.421,1576341811.121,73,0.39,1257720,25.799384615384614,0,0,4.129122,305.09,309.22,2,2436779.0,100.0,,,,,,,,,,,,,,,,,,,,,,,,,,,
78,https://cloudfront.tubi.video/98a64629-0f7e-4833-9c18-7030bf519349/ce7tamss/segment-74.ts,1576341814.425,1576341814.7,74,0.163,1414136,69.40544785276073,0,0,4.115278,309.22,313.34,2,2749045.0,100.0,,,,,,,,,,,,,,,,,,,,,,,,,,,
79,https://cloudfront.tubi.video/98a64629-0f7e-4833-9c18-7030bf519349/ce7tamss/segment-75.ts,1576341818.425,1576341818.689,75,0.122,1326904,87.01009836065573,0,0,4.250566,313.33,317.58,2,2497369.0,100.0,,,,,,,,,,,,,,,,,,,,,,,,,,,
80,https://cloudfront.tubi.video/98a64629-0f7e-4833-9c18-7030bf519349/ce7tamss/segment-76.ts,1576341822.421,1576341823.083,76,0.369,1284792,27.854569105691056,0,0,4.1541,317.58,321.73,2,2474263.0,100.0,,,,,,,,,,,,,,,,,,,,,,,,,,,
81,https://cloudfront.tubi.video/98a64629-0f7e-4833-9c18-7030bf519349/ce7tamss/segment-77.ts,1576341826.427,1576341826.664,77,0.136,1528440,89.90823529411765,0,0,4.205977,321.74,325.95,2,2907177.0,100.0,,,,,,,,,,,,,,,,,,,,,,,,,,,
82,https://cloudfront.tubi.video/98a64629-0f7e-4833-9c18-7030bf519349/ce7tamss/segment-78.ts,1576341830.422,1576341831.105,78,0.381,1146424,24.071895013123356,0,0,4.2125330000000005,325.94,330.15,2,2177167.0,100.0,,,,,,,,,,,,,,,,,,,,,,,,,,,
83,https://cloudfront.tubi.video/98a64629-0f7e-4833-9c18-7030bf519349/ce7tamss/segment-79.ts,1576341834.427,1576341834.667,79,0.129,1387064,86.01947286821704,0,0,4.254244,330.16,334.41,2,2608339.0,100.0,,,,,,,,,,,,,,,,,,,,,,,,,,,
84,https://cloudfront.tubi.video/98a64629-0f7e-4833-9c18-7030bf519349/ce7tamss/segment-80.ts,1576341838.526,1576341839.2020001,80,0.369,1233656,26.74592953929539,0,0,4.064922,334.41,338.47,2,2427905.0,100.0,,,,,,,,,,,,,,,,,,,,,,,,,,,
85,https://cloudfront.tubi.video/98a64629-0f7e-4833-9c18-7030bf519349/ce7tamss/segment-81.ts,1576341842.522,1576341842.763,81,0.129,1393080,86.39255813953487,0,0,4.241922,338.48,342.72,2,2627261.0,100.0,,,,,,,,,,,,,,,,,,,,,,,,,,,
86,https://cloudfront.tubi.video/98a64629-0f7e-4833-9c18-7030bf519349/ce7tamss/segment-82.ts,1576341846.427,1576341846.684,82,0.125,1438200,92.0448,0,0,4.210376999999999,342.72,346.93,2,2732676.0,100.0,,,,,,,,,,,,,,,,,,,,,,,,,,,
87,https://cloudfront.tubi.video/98a64629-0f7e-4833-9c18-7030bf519349/ce7tamss/segment-83.ts,1576341850.521,1576341851.1899998,83,0.376,1317880,28.04,0,0,4.170822,346.93,351.1,2,2527808.0,100.0,,,,,,,,,,,,,,,,,,,,,,,,,,,
88,https://cloudfront.tubi.video/98a64629-0f7e-4833-9c18-7030bf519349/ce7tamss/segment-84.ts,1576341854.527,1576341854.7549999,84,0.117,1320888,90.31712820512818,0,0,4.124067,351.1,355.22,2,2562301.0,100.0,,,,,,,,,,,,,,,,,,,,,,,,,,,
89,https://cloudfront.tubi.video/98a64629-0f7e-4833-9c18-7030bf519349/ce7tamss/segment-85.ts,1576341858.527,1576341858.954,85,0.309,1375032,35.59953398058253,0,0,4.069311,355.22,359.29,2,2703223.0,100.0,,,,,,,,,,,,,,,,,,,,,,,,,,,
90,https://cloudfront.tubi.video/98a64629-0f7e-4833-9c18-7030bf519349/ce7tamss/segment-86.ts,1576341862.521,1576341862.925,86,0.269,1332920,39.64074349442379,0,0,4.1629,359.29,363.45,2,2561522.0,100.0,,,,,,,,,,,,,,,,,,,,,,,,,,,
91,https://cloudfront.tubi.video/98a64629-0f7e-4833-9c18-7030bf519349/ce7tamss/segment-87.ts,1576341866.525,1576341866.9480002,87,0.305,1359992,35.67192131147541,0,0,4.087411,363.46,367.55,2,2661816.0,100.0,,,,,,,,,,,,,,,,,,,,,,,,,,,
92,https://cloudfront.tubi.video/98a64629-0f7e-4833-9c18-7030bf519349/ce7tamss/segment-88.ts,1576341870.523,1576341871.312,88,0.499,1317880,21.12833667334669,0,0,4.201722,367.54,371.74,2,2509218.0,100.0,,,,,,,,,,,,,,,,,,,,,,,,,,,
93,https://cloudfront.tubi.video/98a64629-0f7e-4833-9c18-7030bf519349/ce7tamss/segment-89.ts,1576341874.526,1576341875.007,89,0.376,1353976,28.807999999999996,0,0,4.0874,371.74,375.83,2,2650048.0,100.0,,,,,,,,,,,,,,,,,,,,,,,,,,,
94,https://cloudfront.tubi.video/98a64629-0f7e-4833-9c18-7030bf519349/ce7tamss/segment-90.ts,1576341878.529,1576341879.391,90,0.5740000000000001,1387064,19.331902439024386,0,0,4.115411,375.83,379.95,2,2696331.0,100.0,,,,,,,,,,,,,,,,,,,,,,,,,,,
95,https://cloudfront.tubi.video/98a64629-0f7e-4833-9c18-7030bf519349/ce7tamss/segment-91.ts,1576341882.522,1576341883.361,91,0.546,1305848,19.133304029304025,0,0,4.208989,379.95,384.16,2,2482017.0,100.0,,,,,,,,,,,,,,,,,,,,,,,,,,,
96,https://cloudfront.tubi.video/98a64629-0f7e-4833-9c18-7030bf519349/ce7tamss/segment-92.ts,1576341886.526,1576341887.103,92,0.464,1305848,22.51462068965517,0,0,4.112533,384.16,388.27,2,2540231.0,100.0,,,,,,,,,,,,,,,,,,,,,,,,,,,
97,https://cloudfront.tubi.video/98a64629-0f7e-4833-9c18-7030bf519349/ce7tamss/segment-93.ts,1576341890.521,1576341891.28,93,0.446,1272760,22.829775784753362,0,0,4.164411,388.27,392.43,2,2445022.0,100.0,,,,,,,,,,,,,,,,,,,,,,,,,,,
98,https://cloudfront.tubi.video/98a64629-0f7e-4833-9c18-7030bf519349/ce7tamss/segment-94.ts,1576341894.526,1576341894.917,94,0.28700000000000003,1414136,39.418425087108005,0,0,4.129122,392.43,396.56,2,2739828.0,100.0,,,,,,,,,,,,,,,,,,,,,,,,,,,
99,https://cloudfront.tubi.video/98a64629-0f7e-4833-9c18-7030bf519349/ce7tamss/segment-95.ts,1576341898.526,1576341899.358,95,0.536,1305848,19.490268656716417,0,0,4.0781,396.56,400.64,2,2561679.0,100.0,,,,,,,,,,,,,,,,,,,,,,,,,,,
100,https://cloudfront.tubi.video/98a64629-0f7e-4833-9c18-7030bf519349/ce7tamss/segment-96.ts,1576341902.522,1576341902.8630002,96,0.23700000000000002,1308856,44.18079324894514,0,0,4.065055999999999,400.64,404.71,2,2575818.0,100.0,,,,,,,,,,,,,,,,,,,,,,,,,,,
101,https://cloudfront.tubi.video/98a64629-0f7e-4833-9c18-7030bf519349/ce7tamss/segment-97.ts,1576341906.525,1576341907.27,97,0.441,1399096,25.380426303854872,0,0,4.116933,404.71,408.83,2,2718715.0,100.0,,,,,,,,,,,,,,,,,,,,,,,,,,,
102,https://cloudfront.tubi.video/98a64629-0f7e-4833-9c18-7030bf519349/ce7tamss/segment-98.ts,1576341910.522,1576341911.25,98,0.41300000000000003,1320888,25.586208232445514,0,0,4.1271,408.82,412.95,2,2560418.0,100.0,,,,,,,,,,,,,,,,,,,,,,,,,,,
103,https://cloudfront.tubi.video/98a64629-0f7e-4833-9c18-7030bf519349/ce7tamss/segment-99.ts,1576341914.527,1576341915.021,99,0.372,1393080,29.958709677419353,0,0,4.197455000000001,412.95,417.15,2,2655094.0,100.0,,,,,,,,,,,,,,,,,,,,,,,,,,,
104,https://cloudfront.tubi.video/98a64629-0f7e-4833-9c18-7030bf519349/ce7tamss/segment-100.ts,1576341918.528,1576341918.834,100,0.185,1329912,57.50970810810811,0,0,4.2125330000000005,417.15,421.36,2,2525629.0,100.0,,,,,,,,,,,,,,,,,,,,,,,,,,,
105,https://cloudfront.tubi.video/98a64629-0f7e-4833-9c18-7030bf519349/ce7tamss/segment-101.ts,1576341922.522,1576341922.829,101,0.184,1290808,56.12208695652174,0,0,4.069444,421.36,425.43,2,2537561.0,100.0,,,,,,,,,,,,,,,,,,,,,,,,,,,
106,https://cloudfront.tubi.video/98a64629-0f7e-4833-9c18-7030bf519349/ce7tamss/segment-102.ts,1576341926.527,1576341927.258,102,0.432,1453240,26.91185185185185,0,0,4.121333,425.43,429.55,2,2820912.0,100.0,,,,,,,,,,,,,,,,,,,,,,,,,,,
107,https://cloudfront.tubi.video/98a64629-0f7e-4833-9c18-7030bf519349/ce7tamss/segment-103.ts,1576341930.625,1576341931.518,103,0.603,1320888,17.524218905472637,0,0,4.108278,429.55,433.66,2,2572149.0,100.0,,,,,,,,,,,,,,,,,,,,,,,,,,,
108,https://cloudfront.tubi.video/98a64629-0f7e-4833-9c18-7030bf519349/ce7tamss/segment-104.ts,1576341934.525,1576341934.8960001,104,0.23500000000000001,1323896,45.068799999999996,0,0,4.118444,433.66,437.78,2,2571643.0,100.0,,,,,,,,,,,,,,,,,,,,,,,,,,,
109,https://cloudfront.tubi.video/98a64629-0f7e-4833-9c18-7030bf519349/ce7tamss/segment-105.ts,1576341938.527,1576341939.2259998,105,0.402,1320888,26.28632835820895,0,0,4.0869,437.78,441.87,2,2585603.0,100.0,,,,,,,,,,,,,,,,,,,,,,,,,,,
110,https://cloudfront.tubi.video/98a64629-0f7e-4833-9c18-7030bf519349/ce7tamss/segment-106.ts,1576341942.625,1576341943.157,106,0.364,1378040,30.286593406593404,0,0,4.198966,441.86,446.06,2,2625484.0,100.0,,,,,,,,,,,,,,,,,,,,,,,,,,,
111,https://cloudfront.tubi.video/98a64629-0f7e-4833-9c18-7030bf519349/ce7tamss/segment-107.ts,1576341946.526,1576341947.2580001,107,0.448,1320888,23.58728571428571,0,0,4.084022,446.06,450.14,2,2587425.0,100.0,,,,,,,,,,,,,,,,,,,,,,,,,,,
112,https://cloudfront.tubi.video/98a64629-0f7e-4833-9c18-7030bf519349/ce7tamss/segment-108.ts,1576341950.622,1576341951.327,108,0.592,1311864,17.727891891891893,0,0,4.112678,450.15,454.26,2,2551843.0,100.0,,,,,,,,,,,,,,,,,,,,,,,,,,,
113,https://cloudfront.tubi.video/98a64629-0f7e-4833-9c18-7030bf519349/ce7tamss/segment-109.ts,1576341954.627,1576341955.115,109,0.343,1369016,31.930402332361513,0,0,4.122844000000001,454.26,458.38,2,2656449.0,100.0,,,,,,,,,,,,,,,,,,,,,,,,,,,
114,https://cloudfront.tubi.video/98a64629-0f7e-4833-9c18-7030bf519349/ce7tamss/segment-110.ts,1576341958.627,1576341958.9940002,110,0.249,1372024,44.08109236947791,0,0,4.109789,458.38,462.49,2,2670743.0,100.0,,,,,,,,,,,,,,,,,,,,,,,,,,,
115,https://cloudfront.tubi.video/98a64629-0f7e-4833-9c18-7030bf519349/ce7tamss/segment-111.ts,1576341962.622,1576341963.118,111,0.384,1290808,26.89183333333333,0,0,4.078244000000001,462.49,466.57,2,2532085.0,100.0,,,,,,,,,,,,,,,,,,,,,,,,,,,
116,https://cloudfront.tubi.video/98a64629-0f7e-4833-9c18-7030bf519349/ce7tamss/segment-112.ts,1576341966.626,1576341967.3969998,112,0.467,1332920,22.833747323340468,0,0,4.106911,466.57,470.68,2,2596442.0,100.0,,,,,,,,,,,,,,,,,,,,,,,,,,,
117,https://cloudfront.tubi.video/98a64629-0f7e-4833-9c18-7030bf519349/ce7tamss/segment-113.ts,1576341970.621,1576341970.912,113,0.186,1326904,57.07113978494623,0,0,4.117078,470.68,474.8,2,2578341.0,100.0,,,,,,,,,,,,,,,,,,,,,,,,,,,
118,https://cloudfront.tubi.video/98a64629-0f7e-4833-9c18-7030bf519349/ce7tamss/segment-114.ts,1576341974.627,1576341974.9520001,114,0.195,1444216,59.249887179487175,0,0,4.085533,474.79,478.88,2,2827961.0,100.0,,,,,,,,,,,,,,,,,,,,,,,,,,,
119,https://cloudfront.tubi.video/98a64629-0f7e-4833-9c18-7030bf519349/ce7tamss/segment-115.ts,1576341978.627,1576341979.038,115,0.296,1359992,36.75654054054054,0,0,4.1976,478.88,483.08,2,2591942.0,100.0,,,,,,,,,,,,,,,,,,,,,,,,,,,
120,https://cloudfront.tubi.video/98a64629-0f7e-4833-9c18-7030bf519349/ce7tamss/segment-116.ts,1576341982.621,1576341982.9620001,116,0.23600000000000002,1314872,44.57193220338983,0,0,4.082644,483.08,487.16,2,2576510.0,100.0,,,,,,,,,,,,,,,,,,,,,,,,,,,
121,https://cloudfront.tubi.video/98a64629-0f7e-4833-9c18-7030bf519349/ce7tamss/segment-117.ts,1576341986.625,1576341987.45,117,0.525,1293816,19.715291428571426,0,0,4.111311,487.16,491.27,2,2517573.0,100.0,,,,,,,,,,,,,,,,,,,,,,,,,,,
122,https://cloudfront.tubi.video/98a64629-0f7e-4833-9c18-7030bf519349/ce7tamss/segment-118.ts,1576341990.621,1576341991.088,118,0.343,1347960,31.439300291545187,0,0,4.087411,491.27,495.36,2,2638266.0,100.0,,,,,,,,,,,,,,,,,,,,,,,,,,,
