,url,timestamp_start,timestamp_finish,n_segment,t_download_s,body_size_byte,bandwidth_mbit,byte_start,byte_end,seg_len_s,t_start,t_end,quality_level_chosen,bitrate_level,vmaf_level,previous_bitrate,previous_vmaf,previous_quality,quality_shift_byte_-2,quality_shift_vmaf_-2,quality_shift_bitrate_-2,quality_shift_byte_-1,quality_shift_vmaf_-1,quality_shift_bitrate_-1,quality_shift_byte_0,quality_shift_vmaf_0,quality_shift_bitrate_0,quality_shift_byte_1,quality_shift_vmaf_1,quality_shift_bitrate_1,quality_shift_byte_2,quality_shift_vmaf_2,quality_shift_bitrate_2,quality_shift,buffer_estimate_0,rebuffer_estimate_0
0,https://cloudfront.tubi.video/98a64629-0f7e-4833-9c18-7030bf519349/ce7tamss/segment-0.ts,1576428694.232,1576428698.8830001,0,4.63,869688,1.502700647948164,0,0,4.087411,0.0,4.09,2,1702178.0,100.0,0.0,0.0,0.0,117688.0,85.54148876288656,230342.0,117688.0,85.54148876288656,230342.0,117688.0,85.54148876288656,230342.0,409464.0,92.99672947916667,801414.0,869688.0,100.0,1702178.0,-2.0,0.0,0.0
1,https://cloudfront.tubi.video/98a64629-0f7e-4833-9c18-7030bf519349/gtujhtqe/segment-1.ts,1576428699.114,1576428704.834,1,5.695,532792,0.7484347673397715,0,0,4.074355000000001,4.09,8.16,1,1046137.0,90.04419916666662,,,,,,,,,,,,,,,,,,,,,
2,https://cloudfront.tubi.video/98a64629-0f7e-4833-9c18-7030bf519349/jtbsrm5j/segment-2.ts,1576428704.945,1576428705.495,2,0.527,96632,1.4668994307400378,0,0,4.209655000000001,8.16,12.37,0,183638.0,91.33959072916662,,,,,,,,,,,,,,,,,,,,,
3,https://cloudfront.tubi.video/98a64629-0f7e-4833-9c18-7030bf519349/jtbsrm5j/segment-3.ts,1576428705.507,1576428705.968,3,0.438,90616,1.6550867579908677,0,0,4.129111,12.37,16.5,0,172088.0,87.09547083333324,,,,,,,,,,,,,,,,,,,,,
4,https://cloudfront.tubi.video/98a64629-0f7e-4833-9c18-7030bf519349/jtbsrm5j/segment-4.ts,1576428705.979,1576428706.6000001,4,0.522,90616,1.3887509578544062,0,0,4.081644,16.5,20.58,0,177356.0,78.14668718749998,,,,,,,,,,,,,,,,,,,,,
5,https://cloudfront.tubi.video/98a64629-0f7e-4833-9c18-7030bf519349/jtbsrm5j/segment-5.ts,1576428706.619,1576428707.9819999,5,1.304,138744,0.8511901840490798,0,0,4.068589,20.58,24.65,0,264669.0,91.18576312499987,,,,,,,,,,,,,,,,,,,,,
6,https://cloudfront.tubi.video/98a64629-0f7e-4833-9c18-7030bf519349/jtbsrm5j/segment-6.ts,1576428708.019,1576428710.229,6,2.1350000000000002,147768,0.5536974238875877,0,0,4.203888,24.65,28.85,0,281202.0,80.27385322916666,,,,,,,,,,,,,,,,,,,,,
7,https://cloudfront.tubi.video/98a64629-0f7e-4833-9c18-7030bf519349/jtbsrm5j/segment-7.ts,1576428710.24,1576428712.781,7,2.138,135736,0.5078989710009355,0,0,4.170822,28.85,33.02,0,260353.0,80.10983968749998,,,,,,,,,,,,,,,,,,,,,
8,https://cloudfront.tubi.video/98a64629-0f7e-4833-9c18-7030bf519349/jtbsrm5j/segment-8.ts,1576428712.795,1576428713.2510002,8,0.428,93624,1.749981308411215,0,0,4.254244,33.03,37.28,0,176535.0,84.93139281249992,,,,,,,,,,,,,,,,,,,,,
9,https://cloudfront.tubi.video/98a64629-0f7e-4833-9c18-7030bf519349/jtbsrm5j/segment-9.ts,1576428713.287,1576428713.674,9,0.3,90616,2.4164266666666667,0,0,4.211176999999999,37.28,41.49,0,172143.0,77.5209421875,,,,,,,,,,,,,,,,,,,,,
10,https://cloudfront.tubi.video/98a64629-0f7e-4833-9c18-7030bf519349/jtbsrm5j/segment-10.ts,1576428713.685,1576428714.424,10,0.708,159800,1.8056497175141244,0,0,4.2125330000000005,41.49,45.7,0,306510.0,81.30198833333321,,,,,,,,,,,,,,,,,,,,,
11,https://cloudfront.tubi.video/98a64629-0f7e-4833-9c18-7030bf519349/jtbsrm5j/segment-11.ts,1576428714.436,1576428716.6430001,11,2.069,343288,1.3273581440309328,0,0,4.2125330000000005,45.7,49.91,0,658456.0,13.311880520833334,,,,,,,,,,,,,,,,,,,,,
12,https://cloudfront.tubi.video/98a64629-0f7e-4833-9c18-7030bf519349/jtbsrm5j/segment-12.ts,1576428716.657,1576428718.798,12,2.118,337272,1.273926345609065,0,0,4.254244,49.92,54.17,0,649609.0,79.33003770833334,,,,,,,,,,,,,,,,,,,,,
13,https://cloudfront.tubi.video/98a64629-0f7e-4833-9c18-7030bf519349/jtbsrm5j/segment-13.ts,1576428718.813,1576428720.253,13,1.413,304184,1.722202406227884,0,0,4.205411,54.17,58.38,0,589343.0,53.32881739583334,,,,,,,,,,,,,,,,,,,,,
14,https://cloudfront.tubi.video/98a64629-0f7e-4833-9c18-7030bf519349/jtbsrm5j/segment-14.ts,1576428720.265,1576428721.69,14,1.3980000000000001,295160,1.6890414878397708,0,0,4.087411,58.38,62.47,0,557686.0,53.32881739583334,,,,,,,,,,,,,,,,,,,,,
15,https://cloudfront.tubi.video/98a64629-0f7e-4833-9c18-7030bf519349/jtbsrm5j/segment-15.ts,1576428721.704,1576428723.385,15,1.659,295160,1.4233152501506932,0,0,4.160823000000001,62.46,66.62,0,567503.0,69.48275687499999,,,,,,,,,,,,,,,,,,,,,
16,https://cloudfront.tubi.video/98a64629-0f7e-4833-9c18-7030bf519349/jtbsrm5j/segment-16.ts,1576428723.398,1576428725.328,16,1.615,376376,1.8644012383900928,0,0,4.254244,66.62,70.87,0,736654.0,44.12596958333334,,,,,,,,,,,,,,,,,,,,,
17,https://cloudfront.tubi.video/98a64629-0f7e-4833-9c18-7030bf519349/jtbsrm5j/segment-17.ts,1576428725.358,1576428727.289,17,1.841,418488,1.8185247148288972,0,0,4.199633,70.88,75.08,0,821669.0,48.05848343750001,,,,,,,,,,,,,,,,,,,,,
18,https://cloudfront.tubi.video/98a64629-0f7e-4833-9c18-7030bf519349/jtbsrm5j/segment-18.ts,1576428727.334,1576428728.446,18,1.088,286136,2.103941176470588,0,0,4.129122,75.08,79.21,0,549192.0,80.7872054166667,,,,,,,,,,,,,,,,,,,,,
19,https://cloudfront.tubi.video/98a64629-0f7e-4833-9c18-7030bf519349/jtbsrm5j/segment-19.ts,1576428728.46,1576428728.991,19,0.508,171832,2.7060157480314957,0,0,4.238466000000001,79.21,83.45,0,336314.0,82.27287093749999,,,,,,,,,,,,,,,,,,,,,
20,https://cloudfront.tubi.video/98a64629-0f7e-4833-9c18-7030bf519349/jtbsrm5j/segment-20.ts,1576428729.002,1576428729.497,20,0.47300000000000003,159800,2.702748414376321,0,0,4.248633,83.45,87.7,0,300896.0,78.63952906249997,,,,,,,,,,,,,,,,,,,,,
21,https://cloudfront.tubi.video/98a64629-0f7e-4833-9c18-7030bf519349/jtbsrm5j/segment-21.ts,1576428729.506,1576428730.082,21,0.555,177848,2.563574774774774,0,0,4.193877,87.69,91.88,0,339252.0,74.14424322916669,,,,,,,,,,,,,,,,,,,,,
22,https://cloudfront.tubi.video/98a64629-0f7e-4833-9c18-7030bf519349/jtbsrm5j/segment-22.ts,1576428730.095,1576428731.206,22,1.039,280120,2.1568431183830605,0,0,4.0874,91.89,95.98,0,548260.0,73.4793792708333,,,,,,,,,,,,,,,,,,,,,
23,https://cloudfront.tubi.video/98a64629-0f7e-4833-9c18-7030bf519349/jtbsrm5j/segment-23.ts,1576428731.218,1576428731.964,23,0.651,156792,1.9267834101382486,0,0,4.065867,95.98,100.05,0,296344.0,78.5928575,,,,,,,,,,,,,,,,,,,,,
24,https://cloudfront.tubi.video/98a64629-0f7e-4833-9c18-7030bf519349/jtbsrm5j/segment-24.ts,1576428731.978,1576428732.372,24,0.303,90616,2.3925016501650167,0,0,4.2428669999999995,100.04,104.28,0,170858.0,27.04461552083335,,,,,,,,,,,,,,,,,,,,,
25,https://cloudfront.tubi.video/98a64629-0f7e-4833-9c18-7030bf519349/jtbsrm5j/segment-25.ts,1576428732.38,1576428733.8140001,25,1.3920000000000001,325240,1.8691954022988502,0,0,4.169622,104.28,108.45,0,624018.0,0.7553677083333333,,,,,,,,,,,,,,,,,,,,,
26,https://cloudfront.tubi.video/98a64629-0f7e-4833-9c18-7030bf519349/jtbsrm5j/segment-26.ts,1576428733.827,1576428736.2159998,26,2.299,400440,1.3934406263592864,0,0,4.170833,108.45,112.62,0,783752.0,0.16130989583333336,,,,,,,,,,,,,,,,,,,,,
27,https://cloudfront.tubi.video/98a64629-0f7e-4833-9c18-7030bf519349/jtbsrm5j/segment-27.ts,1576428736.232,1576428738.723,27,2.445,391416,1.2807067484662578,0,0,4.170822,112.62,116.79,0,766860.0,0.07669031250000001,,,,,,,,,,,,,,,,,,,,,
28,https://cloudfront.tubi.video/98a64629-0f7e-4833-9c18-7030bf519349/jtbsrm5j/segment-28.ts,1576428738.742,1576428741.941,28,2.926,406456,1.1112946001367052,0,0,4.129122,116.8,120.93,0,782835.0,0.3153979166666667,,,,,,,,,,,,,,,,,,,,,
29,https://cloudfront.tubi.video/98a64629-0f7e-4833-9c18-7030bf519349/jtbsrm5j/segment-29.ts,1576428741.956,1576428744.042,29,2.065,379384,1.4697685230024213,0,0,4.247266000000001,120.92,125.17,0,720486.0,0.16941739583333335,,,,,,,,,,,,,,,,,,,,,
30,https://cloudfront.tubi.video/98a64629-0f7e-4833-9c18-7030bf519349/jtbsrm5j/segment-30.ts,1576428744.06,1576428746.325,30,2.05,361336,1.4100917073170733,0,0,4.234211,125.17,129.4,0,682698.0,0.004206145833333333,,,,,,,,,,,,,,,,,,,,,
31,https://cloudfront.tubi.video/98a64629-0f7e-4833-9c18-7030bf519349/jtbsrm5j/segment-31.ts,1576428746.336,1576428748.858,31,2.327,397432,1.3663326171035668,0,0,4.202666000000001,129.41,133.61,0,756533.0,0.011826249999999998,,,,,,,,,,,,,,,,,,,,,
32,https://cloudfront.tubi.video/98a64629-0f7e-4833-9c18-7030bf519349/jtbsrm5j/segment-32.ts,1576428748.868,1576428750.487,32,1.5,418488,2.2319359999999997,0,0,4.1479,133.61,137.76,0,807132.0,0.11737958333333333,,,,,,,,,,,,,,,,,,,,,
33,https://cloudfront.tubi.video/98a64629-0f7e-4833-9c18-7030bf519349/jtbsrm5j/segment-33.ts,1576428750.501,1576428752.62,33,1.9140000000000001,388408,1.6234399164054334,0,0,4.116366,137.76,141.88,0,737623.0,2.0872279166666665,,,,,,,,,,,,,,,,,,,,,
34,https://cloudfront.tubi.video/98a64629-0f7e-4833-9c18-7030bf519349/jtbsrm5j/segment-34.ts,1576428752.641,1576428754.9160001,34,2.15,409464,1.523586976744186,0,0,4.209955,141.87,146.08,0,778087.0,0.7495188541666667,,,,,,,,,,,,,,,,,,,,,
35,https://cloudfront.tubi.video/98a64629-0f7e-4833-9c18-7030bf519349/jtbsrm5j/segment-35.ts,1576428754.93,1576428757.207,35,1.973,403448,1.6358763304612263,0,0,4.1969,146.08,150.28,0,761472.0,2.1026290625,,,,,,,,,,,,,,,,,,,,,
36,https://cloudfront.tubi.video/98a64629-0f7e-4833-9c18-7030bf519349/jtbsrm5j/segment-36.ts,1576428757.219,1576428760.183,36,2.759,397432,1.1523943457774557,0,0,4.207066,150.28,154.49,0,755741.0,2.8125823958333336,,,,,,,,,,,,,,,,,,,,,
37,https://cloudfront.tubi.video/98a64629-0f7e-4833-9c18-7030bf519349/jtbsrm5j/segment-37.ts,1576428760.196,1576428764.3760002,37,3.87,379384,0.784256330749354,0,0,4.0688889999999995,154.49,158.56,0,723668.0,11.85247572916667,,,,,,,,,,,,,,,,,,,,,
38,https://cloudfront.tubi.video/98a64629-0f7e-4833-9c18-7030bf519349/jtbsrm5j/segment-38.ts,1576428764.391,1576428766.473,38,1.7870000000000001,400440,1.7926804700615553,0,0,4.120767,158.56,162.68,0,769620.0,22.356006249999997,,,,,,,,,,,,,,,,,,,,,
39,https://cloudfront.tubi.video/98a64629-0f7e-4833-9c18-7030bf519349/jtbsrm5j/segment-39.ts,1576428766.486,1576428768.7680001,39,2.1630000000000003,403448,1.4921793804900598,0,0,4.149422,162.68,166.83,0,766186.0,78.6687514583333,,,,,,,,,,,,,,,,,,,,,
40,https://cloudfront.tubi.video/98a64629-0f7e-4833-9c18-7030bf519349/jtbsrm5j/segment-40.ts,1576428768.783,1576428771.085,40,2.103,403448,1.5347522586780786,0,0,4.243011,166.83,171.07,0,775938.0,16.012581250000004,,,,,,,,,,,,,,,,,,,,,
41,https://cloudfront.tubi.video/98a64629-0f7e-4833-9c18-7030bf519349/jtbsrm5j/segment-41.ts,1576428771.1,1576428774.586,41,3.326,394424,0.9487047504509921,0,0,4.211466000000001,171.07,175.28,0,741890.0,31.37795572916666,,,,,,,,,,,,,,,,,,,,,
42,https://cloudfront.tubi.video/98a64629-0f7e-4833-9c18-7030bf519349/jtbsrm5j/segment-42.ts,1576428774.602,1576428777.966,42,3.061,346296,0.9050532505717086,0,0,4.240122,175.28,179.52,0,653369.0,24.64150270833333,,,,,,,,,,,,,,,,,,,,,
43,https://cloudfront.tubi.video/98a64629-0f7e-4833-9c18-7030bf519349/jtbsrm5j/segment-43.ts,1576428777.98,1576428781.905,43,3.605,388408,0.861931761442441,0,0,4.208577,179.52,183.73,0,745707.0,8.815529479166663,,,,,,,,,,,,,,,,,,,,,
44,https://cloudfront.tubi.video/98a64629-0f7e-4833-9c18-7030bf519349/jtbsrm5j/segment-44.ts,1576428781.923,1576428790.4810002,44,8.423,409464,0.3889008666745815,0,0,4.254244,183.73,187.98,0,780761.0,5.1992304166666665,,,,,,,,,,,,,,,,,,,,,
45,https://cloudfront.tubi.video/98a64629-0f7e-4833-9c18-7030bf519349/jtbsrm5j/segment-45.ts,1576428790.507,1576428802.3439999,45,10.845,412472,0.3042670355002305,0,0,4.2474110000000005,187.98,192.23,0,792455.0,0.3795253125,,,,,,,,,,,,,,,,,,,,,
46,https://cloudfront.tubi.video/98a64629-0f7e-4833-9c18-7030bf519349/jtbsrm5j/segment-46.ts,1576428802.367,1576428810.9120002,46,8.237,388408,0.3772324875561491,0,0,4.150933,192.23,196.38,0,756166.0,1.2274772916666663,,,,,,,,,,,,,,,,,,,,,
47,https://cloudfront.tubi.video/98a64629-0f7e-4833-9c18-7030bf519349/jtbsrm5j/segment-47.ts,1576428810.926,1576428815.503,47,4.449,394424,0.7092362328613172,0,0,4.1611,196.38,200.54,0,773818.0,0.2645625,,,,,,,,,,,,,,,,,,,,,
48,https://cloudfront.tubi.video/98a64629-0f7e-4833-9c18-7030bf519349/jtbsrm5j/segment-48.ts,1576428815.52,1576428820.96,48,5.306,391416,0.5901485111194873,0,0,4.129122,200.54,204.67,0,770383.0,0.2344402083333333,,,,,,,,,,,,,,,,,,,,,
49,https://cloudfront.tubi.video/98a64629-0f7e-4833-9c18-7030bf519349/jtbsrm5j/segment-49.ts,1576428820.976,1576428828.43,49,6.981,409464,0.46923248818220886,0,0,4.199922,204.67,208.87,0,772275.0,0.5204041666666667,,,,,,,,,,,,,,,,,,,,,
50,https://cloudfront.tubi.video/98a64629-0f7e-4833-9c18-7030bf519349/jtbsrm5j/segment-50.ts,1576428828.445,1576428841.3609998,50,12.753,397432,0.24931043675997805,0,0,4.251811,208.87,213.12,0,755197.0,61.9761865625,,,,,,,,,,,,,,,,,,,,,
51,https://cloudfront.tubi.video/98a64629-0f7e-4833-9c18-7030bf519349/jtbsrm5j/segment-51.ts,1576428841.375,1576428847.356,51,5.837,201912,0.2767339386671235,0,0,4.238755,213.12,217.36,0,384865.0,77.92375697916667,,,,,,,,,,,,,,,,,,,,,
52,https://cloudfront.tubi.video/98a64629-0f7e-4833-9c18-7030bf519349/jtbsrm5j/segment-52.ts,1576428847.366,1576428852.332,52,4.816,150776,0.25045847176079733,0,0,4.248911,217.36,221.61,0,283886.0,37.97643354166667,,,,,,,,,,,,,,,,,,,,,
53,https://cloudfront.tubi.video/98a64629-0f7e-4833-9c18-7030bf519349/jtbsrm5j/segment-53.ts,1576428852.341,1576428858.901,53,6.4270000000000005,238008,0.2962601524817177,0,0,4.194155,221.61,225.8,0,463193.0,34.02126489583333,,,,,,,,,,,,,,,,,,,,,
54,https://cloudfront.tubi.video/98a64629-0f7e-4833-9c18-7030bf519349/jtbsrm5j/segment-54.ts,1576428858.913,1576428865.2680001,54,5.841,247032,0.33834206471494604,0,0,4.162611,225.81,229.97,0,474763.0,29.41780520833333,,,,,,,,,,,,,,,,,,,,,
55,https://cloudfront.tubi.video/98a64629-0f7e-4833-9c18-7030bf519349/jtbsrm5j/segment-55.ts,1576428865.28,1576428871.374,55,5.922,301176,0.40685714285714286,0,0,4.129111,229.97,234.1,0,583517.0,59.24994072916667,,,,,,,,,,,,,,,,,,,,,
56,https://cloudfront.tubi.video/98a64629-0f7e-4833-9c18-7030bf519349/jtbsrm5j/segment-56.ts,1576428871.396,1576428875.5159998,56,3.986,201912,0.40524234821876565,0,0,4.118022,234.1,238.22,0,392250.0,31.352161770833344,,,,,,,,,,,,,,,,,,,,,
57,https://cloudfront.tubi.video/98a64629-0f7e-4833-9c18-7030bf519349/jtbsrm5j/segment-57.ts,1576428875.527,1576428880.519,57,4.69,216952,0.3700673773987206,0,0,4.128189,238.22,242.35,0,424721.0,32.299275937500006,,,,,,,,,,,,,,,,,,,,,
58,https://cloudfront.tubi.video/98a64629-0f7e-4833-9c18-7030bf519349/jtbsrm5j/segment-58.ts,1576428880.531,1576428884.817,58,3.9250000000000003,195896,0.39927847133757954,0,0,4.198555000000001,242.34,246.54,0,373263.0,33.97095354166665,,,,,,,,,,,,,,,,,,,,,
59,https://cloudfront.tubi.video/98a64629-0f7e-4833-9c18-7030bf519349/jtbsrm5j/segment-59.ts,1576428884.828,1576428890.759,59,5.781,241016,0.3335284552845528,0,0,4.212522,246.54,250.75,0,471724.0,34.75360104166667,,,,,,,,,,,,,,,,,,,,,
60,https://cloudfront.tubi.video/98a64629-0f7e-4833-9c18-7030bf519349/jtbsrm5j/segment-60.ts,1576428890.77,1576428896.443,60,5.537,244024,0.3525721509842875,0,0,4.129122,250.75,254.88,0,479589.0,48.01646489583333,,,,,,,,,,,,,,,,,,,,,
61,https://cloudfront.tubi.video/98a64629-0f7e-4833-9c18-7030bf519349/jtbsrm5j/segment-61.ts,1576428896.453,1576428901.9850001,61,5.399,262072,0.3883267271716984,0,0,4.1641330000000005,254.88,259.04,0,508578.0,4.701705416666668,,,,,,,,,,,,,,,,,,,,,
62,https://cloudfront.tubi.video/98a64629-0f7e-4833-9c18-7030bf519349/jtbsrm5j/segment-62.ts,1576428901.994,1576428909.656,62,7.547000000000001,379384,0.40215608851199147,0,0,4.129122,259.05,263.18,0,738574.0,8.814275729166667,,,,,,,,,,,,,,,,,,,,,
63,https://cloudfront.tubi.video/98a64629-0f7e-4833-9c18-7030bf519349/jtbsrm5j/segment-63.ts,1576428909.668,1576428916.757,63,6.765000000000001,346296,0.4095148558758314,0,0,4.2029440000000005,263.18,267.38,0,677780.0,15.563819062500002,,,,,,,,,,,,,,,,,,,,,
64,https://cloudfront.tubi.video/98a64629-0f7e-4833-9c18-7030bf519349/jtbsrm5j/segment-64.ts,1576428916.773,1576428924.128,64,7.045,397432,0.4513067423704755,0,0,4.254244,267.38,271.63,0,751360.0,9.002742604166666,,,,,,,,,,,,,,,,,,,,,
65,https://cloudfront.tubi.video/98a64629-0f7e-4833-9c18-7030bf519349/jtbsrm5j/segment-65.ts,1576428924.144,1576428929.506,65,5.039,385400,0.6118674340146855,0,0,4.241777,271.63,275.87,0,734083.0,4.530838750000001,,,,,,,,,,,,,,,,,,,,,
66,https://cloudfront.tubi.video/98a64629-0f7e-4833-9c18-7030bf519349/jtbsrm5j/segment-66.ts,1576428929.52,1576428933.074,66,3.251,388408,0.9557871424177176,0,0,4.210233000000001,275.88,280.09,0,738026.0,2.9831204166666674,,,,,,,,,,,,,,,,,,,,,
67,https://cloudfront.tubi.video/98a64629-0f7e-4833-9c18-7030bf519349/jtbsrm5j/segment-67.ts,1576428933.091,1576428934.813,67,1.421,328248,1.8479831104855733,0,0,4.087411,280.09,284.18,0,629608.0,50.29020218750001,,,,,,,,,,,,,,,,,,,,,
68,https://cloudfront.tubi.video/98a64629-0f7e-4833-9c18-7030bf519349/jtbsrm5j/segment-68.ts,1576428934.828,1576428936.6430001,68,1.332,304184,1.826930930930931,0,0,4.123933999999999,284.17,288.29,0,589343.0,68.61745291666666,,,,,,,,,,,,,,,,,,,,,
69,https://cloudfront.tubi.video/98a64629-0f7e-4833-9c18-7030bf519349/jtbsrm5j/segment-69.ts,1576428936.658,1576428938.102,69,1.312,322232,1.9648292682926827,0,0,4.194289,288.3,292.49,0,620784.0,70.04129072916668,,,,,,,,,,,,,,,,,,,,,
70,https://cloudfront.tubi.video/98a64629-0f7e-4833-9c18-7030bf519349/jtbsrm5j/segment-70.ts,1576428938.115,1576428939.394,70,1.167,355320,2.435784061696658,0,0,4.204455,292.49,296.69,0,676082.0,66.15233697916666,,,,,,,,,,,,,,,,,,,,,
71,https://cloudfront.tubi.video/98a64629-0f7e-4833-9c18-7030bf519349/jtbsrm5j/segment-71.ts,1576428939.407,1576428941.167,71,1.46,397432,2.177709589041096,0,0,4.233122,296.7,300.93,0,751090.0,70.7136265625,,,,,,,,,,,,,,,,,,,,,
72,https://cloudfront.tubi.video/98a64629-0f7e-4833-9c18-7030bf519349/jtbsrm5j/segment-72.ts,1576428941.185,1576428942.29,72,0.968,310200,2.5636363636363635,0,0,4.159866,300.93,305.09,0,590635.0,70.95672395833336,,,,,,,,,,,,,,,,,,,,,
73,https://cloudfront.tubi.video/98a64629-0f7e-4833-9c18-7030bf519349/jtbsrm5j/segment-73.ts,1576428942.301,1576428943.334,73,0.9,238008,2.1156266666666665,0,0,4.129122,305.09,309.22,0,451999.0,46.78863260416666,,,,,,,,,,,,,,,,,,,,,
74,https://cloudfront.tubi.video/98a64629-0f7e-4833-9c18-7030bf519349/jtbsrm5j/segment-74.ts,1576428943.356,1576428945.149,74,1.676,334264,1.5955322195704058,0,0,4.115278,309.22,313.34,0,634799.0,2.7928659375,,,,,,,,,,,,,,,,,,,,,
75,https://cloudfront.tubi.video/98a64629-0f7e-4833-9c18-7030bf519349/jtbsrm5j/segment-75.ts,1576428945.172,1576428947.843,75,2.365,394424,1.3342038054968286,0,0,4.250566,313.33,317.58,0,742346.0,6.096635312500001,,,,,,,,,,,,,,,,,,,,,
76,https://cloudfront.tubi.video/98a64629-0f7e-4833-9c18-7030bf519349/jtbsrm5j/segment-76.ts,1576428947.867,1576428949.763,76,1.747,382392,1.7510795649685174,0,0,4.1541,317.58,321.73,0,729092.0,0.93796625,,,,,,,,,,,,,,,,,,,,,
77,https://cloudfront.tubi.video/98a64629-0f7e-4833-9c18-7030bf519349/jtbsrm5j/segment-77.ts,1576428949.775,1576428951.562,77,1.6620000000000001,304184,1.4641829121540313,0,0,4.205977,321.74,325.95,0,578574.0,50.66932354166668,,,,,,,,,,,,,,,,,,,,,
78,https://cloudfront.tubi.video/98a64629-0f7e-4833-9c18-7030bf519349/jtbsrm5j/segment-78.ts,1576428951.577,1576428952.747,78,1.049,174840,1.3333841754051479,0,0,4.2125330000000005,325.94,330.15,0,333590.0,23.20702125,,,,,,,,,,,,,,,,,,,,,
79,https://cloudfront.tubi.video/98a64629-0f7e-4833-9c18-7030bf519349/jtbsrm5j/segment-79.ts,1576428952.755,1576428954.7600002,79,1.879,307192,1.3078956891963809,0,0,4.254244,330.16,334.41,0,590558.0,15.826614895833336,,,,,,,,,,,,,,,,,,,,,
80,https://cloudfront.tubi.video/98a64629-0f7e-4833-9c18-7030bf519349/jtbsrm5j/segment-80.ts,1576428954.773,1576428956.78,80,1.7,307192,1.4456094117647058,0,0,4.064922,334.41,338.47,0,583386.0,7.681215729166666,,,,,,,,,,,,,,,,,,,,,
81,https://cloudfront.tubi.video/98a64629-0f7e-4833-9c18-7030bf519349/jtbsrm5j/segment-81.ts,1576428956.793,1576428958.331,81,1.416,334264,1.8884971751412432,0,0,4.241922,338.48,342.72,0,654231.0,0.0,,,,,,,,,,,,,,,,,,,,,
82,https://cloudfront.tubi.video/98a64629-0f7e-4833-9c18-7030bf519349/jtbsrm5j/segment-82.ts,1576428958.344,1576428960.7,82,2.22,409464,1.475545945945946,0,0,4.210376999999999,342.72,346.93,0,801837.0,25.34406364583333,,,,,,,,,,,,,,,,,,,,,
83,https://cloudfront.tubi.video/98a64629-0f7e-4833-9c18-7030bf519349/jtbsrm5j/segment-83.ts,1576428960.715,1576428962.6069999,83,1.7670000000000001,319224,1.4452699490662138,0,0,4.170822,346.93,351.1,0,620771.0,44.86257885416668,,,,,,,,,,,,,,,,,,,,,
84,https://cloudfront.tubi.video/98a64629-0f7e-4833-9c18-7030bf519349/jtbsrm5j/segment-84.ts,1576428962.62,1576428964.179,84,1.443,280120,1.5529868329868328,0,0,4.124067,351.1,355.22,0,548259.0,33.4978171875,,,,,,,,,,,,,,,,,,,,,
85,https://cloudfront.tubi.video/98a64629-0f7e-4833-9c18-7030bf519349/jtbsrm5j/segment-85.ts,1576428964.19,1576428965.568,85,1.082,310200,2.293530499075785,0,0,4.069311,355.22,359.29,0,591641.0,21.205828333333333,,,,,,,,,,,,,,,,,,,,,
86,https://cloudfront.tubi.video/98a64629-0f7e-4833-9c18-7030bf519349/jtbsrm5j/segment-86.ts,1576428965.581,1576428966.647,86,0.9450000000000001,280120,2.371386243386243,0,0,4.1629,359.29,363.45,0,538317.0,26.74795625,,,,,,,,,,,,,,,,,,,,,
87,https://cloudfront.tubi.video/98a64629-0f7e-4833-9c18-7030bf519349/jtbsrm5j/segment-87.ts,1576428966.658,1576428968.614,87,1.832,280120,1.2232314410480347,0,0,4.087411,363.46,367.55,0,537294.0,2.500398125,,,,,,,,,,,,,,,,,,,,,
88,https://cloudfront.tubi.video/98a64629-0f7e-4833-9c18-7030bf519349/jtbsrm5j/segment-88.ts,1576428968.626,1576428970.1629999,88,1.424,298168,1.6751011235955056,0,0,4.201722,367.54,371.74,0,583583.0,35.07473197916666,,,,,,,,,,,,,,,,,,,,,
89,https://cloudfront.tubi.video/98a64629-0f7e-4833-9c18-7030bf519349/jtbsrm5j/segment-89.ts,1576428970.182,1576428972.2489998,89,1.8760000000000001,268088,1.143232409381663,0,0,4.0874,371.74,375.83,0,524793.0,24.749508854166667,,,,,,,,,,,,,,,,,,,,,
90,https://cloudfront.tubi.video/98a64629-0f7e-4833-9c18-7030bf519349/jtbsrm5j/segment-90.ts,1576428972.261,1576428974.612,90,2.193,331256,1.2084122207022343,0,0,4.115411,375.83,379.95,0,650526.0,0.0,,,,,,,,,,,,,,,,,,,,,
91,https://cloudfront.tubi.video/98a64629-0f7e-4833-9c18-7030bf519349/jtbsrm5j/segment-91.ts,1576428974.624,1576428977.6660001,91,2.75,391416,1.1386647272727273,0,0,4.208989,379.95,384.16,0,759003.0,10.290858333333334,,,,,,,,,,,,,,,,,,,,,
92,https://cloudfront.tubi.video/98a64629-0f7e-4833-9c18-7030bf519349/jtbsrm5j/segment-92.ts,1576428977.681,1576428979.95,92,1.951,364344,1.493978472578165,0,0,4.112533,384.16,388.27,0,708748.0,12.10168614583334,,,,,,,,,,,,,,,,,,,,,
93,https://cloudfront.tubi.video/98a64629-0f7e-4833-9c18-7030bf519349/jtbsrm5j/segment-93.ts,1576428979.963,1576428981.731,93,1.6440000000000001,292152,1.421664233576642,0,0,4.164411,388.27,392.43,0,566032.0,0.27634697916666673,,,,,,,,,,,,,,,,,,,,,
94,https://cloudfront.tubi.video/98a64629-0f7e-4833-9c18-7030bf519349/jtbsrm5j/segment-94.ts,1576428981.745,1576428984.52,94,2.475,412472,1.3332428282828284,0,0,4.129122,392.43,396.56,0,794867.0,0.0,,,,,,,,,,,,,,,,,,,,,
95,https://cloudfront.tubi.video/98a64629-0f7e-4833-9c18-7030bf519349/jtbsrm5j/segment-95.ts,1576428984.535,1576428986.943,95,2.117,346296,1.3086291922531885,0,0,4.0781,396.56,400.64,0,677780.0,1.531535833333333,,,,,,,,,,,,,,,,,,,,,
96,https://cloudfront.tubi.video/98a64629-0f7e-4833-9c18-7030bf519349/jtbsrm5j/segment-96.ts,1576428986.956,1576428989.301,96,2.154,334264,1.2414633240482824,0,0,4.065055999999999,400.64,404.71,0,631895.0,0.6327159375,,,,,,,,,,,,,,,,,,,,,
97,https://cloudfront.tubi.video/98a64629-0f7e-4833-9c18-7030bf519349/jtbsrm5j/segment-97.ts,1576428989.323,1576428991.965,97,2.497,292152,0.9360096115338405,0,0,4.116933,404.71,408.83,0,567708.0,1.4558694791666664,,,,,,,,,,,,,,,,,,,,,
98,https://cloudfront.tubi.video/98a64629-0f7e-4833-9c18-7030bf519349/jtbsrm5j/segment-98.ts,1576428991.978,1576428995.451,98,3.23,310200,0.768297213622291,0,0,4.1271,408.82,412.95,0,595279.0,1.6198694791666677,,,,,,,,,,,,,,,,,,,,,
99,https://cloudfront.tubi.video/98a64629-0f7e-4833-9c18-7030bf519349/jtbsrm5j/segment-99.ts,1576428995.464,1576428999.887,99,4.098,406456,0.7934719375305027,0,0,4.197455000000001,412.95,417.15,0,779618.0,3.6942453125,,,,,,,,,,,,,,,,,,,,,
100,https://cloudfront.tubi.video/98a64629-0f7e-4833-9c18-7030bf519349/jtbsrm5j/segment-100.ts,1576428999.905,1576429010.546,100,10.351,400440,0.30948893826683405,0,0,4.2125330000000005,417.15,421.36,0,753017.0,4.6308207291666665,,,,,,,,,,,,,,,,,,,,,
101,https://cloudfront.tubi.video/98a64629-0f7e-4833-9c18-7030bf519349/jtbsrm5j/segment-101.ts,1576429010.564,1576429024.3549998,101,13.665000000000001,379384,0.2221055250640322,0,0,4.069444,421.36,425.43,0,738252.0,5.066980625000001,,,,,,,,,,,,,,,,,,,,,
102,https://cloudfront.tubi.video/98a64629-0f7e-4833-9c18-7030bf519349/jtbsrm5j/segment-102.ts,1576429024.379,1576429030.972,102,6.3020000000000005,433528,0.5503370358616312,0,0,4.121333,425.43,429.55,0,833100.0,5.306265520833336,,,,,,,,,,,,,,,,,,,,,
103,https://cloudfront.tubi.video/98a64629-0f7e-4833-9c18-7030bf519349/jtbsrm5j/segment-103.ts,1576429030.986,1576429038.865,103,7.585,394424,0.4160042188529993,0,0,4.108278,429.55,433.66,0,756539.0,3.0923267010309274,,,,,,,,,,,,,,,,,,,,,
104,https://cloudfront.tubi.video/98a64629-0f7e-4833-9c18-7030bf519349/jtbsrm5j/segment-104.ts,1576429038.881,1576429049.744,104,10.53,364344,0.2768045584045584,0,0,4.118444,433.66,437.78,0,700637.0,8.834322291666666,,,,,,,,,,,,,,,,,,,,,
105,https://cloudfront.tubi.video/98a64629-0f7e-4833-9c18-7030bf519349/jtbsrm5j/segment-105.ts,1576429049.773,1576429067.096,105,17.162,325240,0.15160936953734996,0,0,4.0869,437.78,441.87,0,617661.0,23.2679825,,,,,,,,,,,,,,,,,,,,,
106,https://cloudfront.tubi.video/98a64629-0f7e-4833-9c18-7030bf519349/jtbsrm5j/segment-106.ts,1576429067.109,1576429078.813,106,11.547,331256,0.22950099592967868,0,0,4.198966,441.86,446.06,0,629086.0,13.230877083333326,,,,,,,,,,,,,,,,,,,,,
107,https://cloudfront.tubi.video/98a64629-0f7e-4833-9c18-7030bf519349/jtbsrm5j/segment-107.ts,1576429078.825,1576429087.852,107,7.9830000000000005,295160,0.29578855067017407,0,0,4.084022,446.06,450.14,0,566601.0,31.8698315625,,,,,,,,,,,,,,,,,,,,,
108,https://cloudfront.tubi.video/98a64629-0f7e-4833-9c18-7030bf519349/jtbsrm5j/segment-108.ts,1576429087.866,1576429095.6859999,108,7.692,280120,0.2913364534581383,0,0,4.112678,450.15,454.26,0,534059.0,37.31176354166665,,,,,,,,,,,,,,,,,,,,,
109,https://cloudfront.tubi.video/98a64629-0f7e-4833-9c18-7030bf519349/jtbsrm5j/segment-109.ts,1576429095.698,1576429105.646,109,9.792,298168,0.24360130718954248,0,0,4.122844000000001,454.26,458.38,0,583583.0,22.668311875,,,,,,,,,,,,,,,,,,,,,
110,https://cloudfront.tubi.video/98a64629-0f7e-4833-9c18-7030bf519349/jtbsrm5j/segment-110.ts,1576429105.657,1576429115.032,110,9.044,304184,0.2690703228659885,0,0,4.109789,458.38,462.49,0,598187.0,19.207447291666668,,,,,,,,,,,,,,,,,,,,,
111,https://cloudfront.tubi.video/98a64629-0f7e-4833-9c18-7030bf519349/jtbsrm5j/segment-111.ts,1576429115.045,1576429120.617,111,5.36,346296,0.5168597014925372,0,0,4.078244000000001,462.49,466.57,0,672426.0,1.9588884375,,,,,,,,,,,,,,,,,,,,,
112,https://cloudfront.tubi.video/98a64629-0f7e-4833-9c18-7030bf519349/jtbsrm5j/segment-112.ts,1576429120.637,1576429125.7020001,112,4.7010000000000005,325240,0.55348223782174,0,0,4.106911,466.57,470.68,0,633546.0,3.0807275,,,,,,,,,,,,,,,,,,,,,
113,https://cloudfront.tubi.video/98a64629-0f7e-4833-9c18-7030bf519349/jtbsrm5j/segment-113.ts,1576429125.719,1576429129.772,113,3.9050000000000002,394424,0.8080389244558258,0,0,4.117078,470.68,474.8,0,756537.0,19.622611666666668,,,,,,,,,,,,,,,,,,,,,
114,https://cloudfront.tubi.video/98a64629-0f7e-4833-9c18-7030bf519349/jtbsrm5j/segment-114.ts,1576429129.789,1576429132.948,114,2.74,253048,0.7388262773722627,0,0,4.085533,474.79,478.88,0,495272.0,35.44884114583334,,,,,,,,,,,,,,,,,,,,,
115,https://cloudfront.tubi.video/98a64629-0f7e-4833-9c18-7030bf519349/jtbsrm5j/segment-115.ts,1576429132.964,1576429135.501,115,2.101,216952,0.8260904331270823,0,0,4.1976,478.88,483.08,0,413478.0,15.878169687499993,,,,,,,,,,,,,,,,,,,,,
116,https://cloudfront.tubi.video/98a64629-0f7e-4833-9c18-7030bf519349/jtbsrm5j/segment-116.ts,1576429135.514,1576429139.212,116,3.525,307192,0.6971733333333333,0,0,4.082644,483.08,487.16,0,578314.0,42.285951666666655,,,,,,,,,,,,,,,,,,,,,
117,https://cloudfront.tubi.video/98a64629-0f7e-4833-9c18-7030bf519349/jtbsrm5j/segment-117.ts,1576429139.244,1576429141.126,117,1.58,222968,1.1289518987341771,0,0,4.111311,487.16,491.27,0,429505.0,15.050917395833327,,,,,,,,,,,,,,,,,,,,,
118,https://cloudfront.tubi.video/98a64629-0f7e-4833-9c18-7030bf519349/jtbsrm5j/segment-118.ts,1576429141.137,1576429143.6690001,118,2.302,379384,1.3184500434404864,0,0,4.087411,491.27,495.36,0,713422.0,71.0243,,,,,,,,,,,,,,,,,,,,,
