,timestamp_s,paused,played_until,buffered_until,videoWidth,videoHeight,decodedFrames,droppedFrames
0,1576336042.908021,False,7.031108,26.693332,640,360,214,1
1,1576336042.9115367,False,7.033267,26.693332,640,360,214,1
2,1576336043.2332485,False,7.339763,26.693332,640,360,221,4
3,1576336043.632467,False,7.74403,26.693332,640,360,234,5
4,1576336044.02335,False,8.085314,26.693332,640,360,245,7
5,1576336044.408075,False,8.521734,26.693332,640,360,257,8
6,1576336044.7849855,False,8.898386,26.693332,640,360,268,9
7,1576336045.4656928,False,9.580691,26.693332,640,360,289,11
8,1576336045.866254,False,9.97967,26.693332,640,360,301,13
9,1576336046.2141104,False,10.328309,26.693332,640,360,312,14
10,1576336046.5699027,False,10.671128,26.693332,640,360,322,15
11,1576336046.9420185,False,11.055825,26.693332,640,360,333,19
12,1576336047.3424056,False,11.456,26.693332,640,360,345,19
13,1576336047.7193022,False,11.833518,26.693332,640,360,356,21
14,1576336048.4011269,False,12.5074,26.693332,640,360,379,23
15,1576336048.7720711,False,12.880254,26.693332,640,360,390,25
16,1576336049.152358,False,13.260318,26.693332,640,360,400,27
17,1576336049.8722656,False,13.983496,26.693332,640,360,422,30
18,1576336050.268123,False,14.382006,26.693332,640,360,434,32
19,1576336050.6756537,False,14.779219,26.693332,640,360,445,32
20,1576336051.0366004,False,15.147359,26.693332,640,360,457,34
21,1576336051.4143069,False,15.528499,26.693332,640,360,467,34
22,1576336051.790007,False,15.893174,26.693332,640,360,478,34
23,1576336052.1838233,False,16.304635,26.693332,640,360,490,36
24,1576336052.593303,False,16.70728,26.693332,640,360,501,36
25,1576336052.932646,False,17.057986,26.693332,640,360,513,37
26,1576336053.352679,False,17.461357,26.693332,640,360,525,38
27,1576336053.7295308,False,17.838037,24.057366,640,360,538,42
28,1576336054.0771348,False,18.191457,24.057366,640,360,547,42
29,1576336054.452636,False,18.561267,24.057366,640,360,558,43
30,1576336054.8425484,False,18.950674,24.057366,640,360,570,44
31,1576336055.2013557,False,19.302121,24.057366,640,360,580,45
32,1576336055.5612853,False,19.675501,24.057366,640,360,591,46
33,1576336055.924793,False,20.033323,24.057366,640,360,603,46
34,1576336056.2958417,False,20.409601,24.057366,640,360,614,47
35,1576336056.7027636,False,20.814437,24.057366,640,360,626,50
36,1576336057.0949876,False,21.191012,24.057366,640,360,637,51
37,1576336057.4794319,False,21.588931,24.057366,1280,720,649,54
38,1576336057.9912841,False,22.114843,24.057366,1280,720,664,57
39,1576336058.3662515,False,22.46379,24.057366,1280,720,675,59
40,1576336058.739091,False,22.849474,24.057366,1280,720,687,60
41,1576336059.1104357,False,23.226081,30.001,1280,720,697,62
42,1576336059.489941,False,23.598526,30.001,1280,720,710,63
43,1576336059.8591821,False,23.972494,32.031999,1280,720,721,65
44,1576336060.277034,False,24.384801,32.031999,1280,720,733,68
45,1576336060.7275128,False,24.851365,32.031999,1280,720,739,71
46,1576336061.1734717,False,25.287289,32.031999,1280,720,760,73
47,1576336061.5603535,False,25.662773,34.801,1280,720,772,77
48,1576336061.9032016,False,26.012118,34.801,1280,720,782,79
49,1576336062.3095603,False,26.42073,35.235199,1280,720,793,79
50,1576336062.7155492,False,26.824029,35.235199,854,480,807,83
51,1576336063.428506,False,27.547729,35.235199,854,480,820,86
52,1576336063.8592024,False,27.967929,35.235199,854,480,840,87
53,1576336064.2295206,False,28.343444,39.621,854,480,851,89
54,1576336064.5900264,False,28.702069,39.621,854,480,862,89
55,1576336064.9868386,False,29.096216,39.621,854,480,874,91
56,1576336065.4144351,False,29.527641,42.709332,854,480,888,93
57,1576336065.8172598,False,29.926369,42.709332,854,480,899,95
58,1576336066.1965857,False,30.309139,42.709332,854,480,911,97
59,1576336066.6237748,False,30.72747,42.709332,854,480,923,99
60,1576336066.9728222,False,31.086002,42.709332,854,480,934,99
61,1576336067.3354182,False,31.448815,42.709332,854,480,945,99
62,1576336067.7382088,False,31.852387,42.709332,854,480,956,101
63,1576336068.161798,False,32.273313,42.709332,854,480,970,104
64,1576336068.5669887,False,32.68053,42.709332,854,480,981,105
65,1576336068.9836328,False,33.097769,42.709332,854,480,993,106
66,1576336069.3699334,False,33.473989,42.709332,854,480,1004,107
67,1576336069.7338479,False,33.842937,42.709332,854,480,1016,108
68,1576336070.1161785,False,34.219202,46.061,854,480,1027,109
69,1576336070.5262742,False,34.641571,46.061,854,480,1040,111
70,1576336070.9116936,False,35.014819,46.061,854,480,1051,112
71,1576336071.2906883,False,35.404091,46.061,854,480,1063,113
72,1576336071.680363,False,35.789855,50.001,854,480,1075,114
73,1576336072.0641394,False,36.178266,58.725332,854,480,1085,116
74,1576336072.4810526,False,36.594696,58.725332,854,480,1099,120
75,1576336073.0899718,False,37.18601,58.725332,854,480,1113,126
76,1576336073.4735153,False,37.579673,60.001,854,480,1128,129
77,1576336073.8309896,False,37.944579,60.001,854,480,1139,132
78,1576336074.2646077,False,38.372682,60.001,854,480,1152,133
79,1576336074.6307812,False,38.744964,60.001,854,480,1163,134
80,1576336075.0280395,False,39.141777,60.001,854,480,1174,136
81,1576336075.4160519,False,39.527711,60.001,854,480,1187,139
82,1576336075.8486984,False,39.95506,60.001,854,480,1200,142
83,1576336076.2621777,False,40.369348,60.001,854,480,1212,143
84,1576336076.6595874,False,40.773776,60.001,854,480,1224,145
85,1576336077.0425484,False,41.157096,60.001,854,480,1236,147
86,1576336077.4260798,False,41.534895,60.001,854,480,1246,147
87,1576336077.8285942,False,41.937746,60.001,854,480,1259,149
88,1576336078.2063859,False,42.320063,60.001,854,480,1270,149
89,1576336078.5515792,False,42.671837,60.001,854,480,1282,151
90,1576336078.9982774,False,43.104709,64.063999,854,480,1295,153
91,1576336079.4187083,False,43.527431,64.063999,854,480,1307,155
92,1576336079.7901032,False,43.897768,64.063999,854,480,1318,157
93,1576336080.1797433,False,44.287544,64.063999,854,480,1330,159
94,1576336080.916879,False,45.04225,64.063999,854,480,1353,161
95,1576336081.3476322,False,45.456346,64.063999,854,480,1364,161
96,1576336081.7177896,False,45.824322,64.063999,854,480,1376,164
97,1576336082.1021855,False,46.205088,64.063999,854,480,1386,165
98,1576336082.5830276,False,46.687652,64.063999,854,480,1400,168
99,1576336082.9190435,False,47.030712,64.063999,854,480,1413,171
100,1576336083.3416283,False,47.450488,64.063999,854,480,1425,171
101,1576336083.7436607,False,47.857792,64.063999,854,480,1437,174
102,1576336084.1106195,False,48.219852,64.063999,854,480,1448,176
103,1576336084.5464208,False,48.666027,64.063999,854,480,1460,177
104,1576336084.910939,False,49.023765,64.063999,854,480,1471,178
105,1576336085.269293,False,49.379836,64.063999,854,480,1482,179
106,1576336086.0152886,False,50.13981,64.063999,854,480,1504,181
107,1576336086.4585652,False,50.567529,64.063999,854,480,1518,182
108,1576336086.8109064,False,50.92457,64.063999,854,480,1530,184
109,1576336087.2229612,False,51.327918,64.063999,854,480,1541,185
110,1576336087.6935275,False,51.802577,64.063999,854,480,1554,187
111,1576336088.0831509,False,52.183324,64.063999,854,480,1566,188
112,1576336088.7995718,False,52.921816,64.063999,854,480,1580,190
113,1576336089.306211,False,53.357497,64.063999,854,480,1601,191
114,1576336089.644401,False,53.757242,64.063999,854,480,1613,193
115,1576336090.0576477,False,54.166231,80.001,854,480,1627,195
116,1576336090.4460192,False,54.553111,80.001,854,480,1637,196
117,1576336090.8561351,False,54.959075,80.001,854,480,1649,197
118,1576336091.2394807,False,55.34564,80.001,854,480,1660,198
119,1576336091.6005416,False,55.707097,80.001,854,480,1672,199
120,1576336092.0591264,False,56.168278,80.001,854,480,1685,201
121,1576336092.782817,False,56.609762,80.001,854,480,1698,202
122,1576336093.1884277,False,57.307262,80.001,854,480,1719,203
123,1576336093.612924,False,57.727116,80.001,854,480,1732,205
124,1576336093.9944873,False,58.109319,80.001,854,480,1743,205
125,1576336094.3972614,False,58.508654,80.001,854,480,1756,207
126,1576336094.7991703,False,58.899364,80.001,854,480,1766,207
127,1576336095.1907868,False,59.304999,80.001,854,480,1780,210
128,1576336095.5540512,False,59.668262,80.001,854,480,1791,212
129,1576336096.3449728,False,60.464461,96.095999,854,480,1814,215
130,1576336096.7928898,False,60.904088,96.095999,854,480,1828,217
131,1576336097.2119083,False,61.325723,96.095999,854,480,1839,217
132,1576336097.6054893,False,61.719152,96.095999,854,480,1852,221
133,1576336098.003852,False,62.111608,96.095999,854,480,1865,222
134,1576336098.3948035,False,62.508988,96.095999,854,480,1875,223
135,1576336098.7938144,False,62.909282,96.095999,854,480,1888,225
136,1576336099.1848888,False,63.288347,101.434666,854,480,1899,225
137,1576336099.5709083,False,63.674286,101.434666,854,480,1912,228
138,1576336099.9745507,False,64.0836,101.434666,854,480,1923,230
139,1576336100.3618755,False,64.47605,101.434666,854,480,1935,231
140,1576336100.7166119,False,64.828048,101.434666,854,480,1945,231
141,1576336101.1560466,False,65.265881,101.434666,854,480,1958,234
142,1576336101.5690565,False,65.683343,101.434666,854,480,1970,235
143,1576336101.9949515,False,66.098369,101.434666,854,480,1983,237
144,1576336102.3674986,False,66.475688,101.434666,854,480,1994,238
145,1576336102.7852495,False,66.891003,101.434666,854,480,2007,240
146,1576336103.1614783,False,67.275468,101.434666,854,480,2018,240
147,1576336103.5696487,False,67.68756,101.434666,854,480,2031,242
148,1576336103.9965384,False,68.121775,101.434666,854,480,2044,244
149,1576336104.443525,False,68.567246,101.434666,854,480,2048,247
150,1576336104.9069858,False,69.021252,101.434666,854,480,2070,248
151,1576336105.290349,False,69.40533,101.434666,854,480,2082,249
152,1576336106.1222143,False,70.170244,101.434666,854,480,2097,252
153,1576336106.4731581,False,70.586657,101.434666,854,480,2118,252
154,1576336106.8719225,False,70.979291,106.773332,854,480,2129,254
155,1576336107.2916124,False,71.400743,106.773332,854,480,2142,255
156,1576336107.6965244,False,71.794602,106.773332,854,480,2154,256
157,1576336108.4063082,False,72.528905,110.001,854,480,2168,259
158,1576336108.800864,False,72.920005,110.001,854,480,2188,259
159,1576336109.2217343,False,73.330021,110.001,854,480,2200,261
160,1576336109.605948,False,73.714699,110.001,854,480,2211,261
161,1576336110.132594,False,74.181968,110.001,854,480,2225,265
162,1576336110.5002038,False,74.609009,110.001,854,480,2237,265
163,1576336110.8757417,False,74.992187,110.001,854,480,2250,267
164,1576336111.3232007,False,75.423182,110.001,854,480,2264,269
165,1576336111.7171497,False,75.830513,110.001,854,480,2275,271
166,1576336112.1094837,False,76.221246,110.001,854,480,2287,271
167,1576336112.5289674,False,76.637207,110.001,854,480,2299,273
168,1576336112.967132,False,77.07392,110.001,854,480,2313,275
169,1576336113.3632457,False,77.474763,110.001,854,480,2324,277
170,1576336113.7346883,False,77.845917,110.001,854,480,2336,279
171,1576336114.1681178,False,78.293785,110.001,854,480,2349,281
172,1576336114.6023219,False,78.725196,112.111999,854,480,2355,285
173,1576336115.1079473,False,79.221503,112.111999,854,480,2375,285
174,1576336115.494399,False,79.602747,112.111999,854,480,2388,289
175,1576336115.8699052,False,79.972417,112.111999,854,480,2399,289
176,1576336116.295792,False,80.399721,112.111999,854,480,2413,291
177,1576336116.710052,False,80.824288,112.111999,854,480,2424,293
178,1576336117.065106,False,81.168304,117.450666,854,480,2435,294
179,1576336117.5023692,False,81.621942,117.450666,854,480,2449,295
180,1576336117.930075,False,82.043961,117.450666,854,480,2460,296
181,1576336118.2918496,False,82.403504,117.450666,854,480,2472,297
182,1576336118.7354717,False,82.848775,117.450666,854,480,2485,299
183,1576336119.1618621,False,83.270978,117.450666,854,480,2497,300
184,1576336119.5807,False,83.694489,117.450666,854,480,2510,301
185,1576336119.9425538,False,84.052965,117.450666,854,480,2521,302
186,1576336120.3529098,False,84.466802,117.450666,854,480,2533,303
187,1576336120.7327032,False,84.841166,117.450666,854,480,2545,303
188,1576336121.159999,False,85.274187,117.450666,854,480,2557,305
189,1576336121.5088465,False,85.634629,117.450666,854,480,2569,306
190,1576336121.9451559,False,86.055756,117.450666,854,480,2581,307
191,1576336122.3411107,False,86.454747,117.450666,854,480,2593,309
192,1576336122.7440279,False,86.855077,117.450666,854,480,2605,310
193,1576336123.1665423,False,87.280693,117.450666,854,480,2617,311
194,1576336123.5597677,False,87.663304,117.450666,854,480,2629,312
195,1576336123.9866297,False,88.100853,117.450666,854,480,2641,314
196,1576336124.4186144,False,88.527697,117.450666,854,480,2655,315
197,1576336124.8250387,False,88.939191,117.450666,854,480,2668,318
198,1576336125.227663,False,89.325731,117.450666,854,480,2680,320
199,1576336125.6444678,False,89.74842,117.450666,854,480,2692,322
200,1576336126.0158336,False,90.12122,117.450666,854,480,2704,324
201,1576336126.4522095,False,90.560815,117.450666,854,480,2716,326
202,1576336127.1842878,False,91.303687,120.001,854,480,2731,328
203,1576336127.6064928,False,91.718043,120.001,854,480,2751,330
204,1576336128.0303297,False,92.133571,120.001,854,480,2764,330
205,1576336128.413049,False,92.516454,120.001,854,480,2776,333
206,1576336128.8115847,False,92.9201,120.001,854,480,2788,334
207,1576336129.2354012,False,93.348937,120.001,854,480,2801,336
208,1576336129.6320171,False,93.734714,120.001,854,480,2812,338
209,1576336130.0513554,False,94.159001,120.001,854,480,2824,338
210,1576336130.3973186,False,94.508944,120.001,854,480,2835,340
211,1576336130.8333127,False,94.936893,120.001,854,480,2848,342
212,1576336131.2645195,False,95.387439,122.789332,854,480,2862,344
213,1576336131.6846848,False,95.795834,122.789332,854,480,2873,344
214,1576336132.0944889,False,96.208929,122.789332,854,480,2886,346
215,1576336132.492259,False,96.592642,122.789332,854,480,2898,346
216,1576336132.8983366,False,97.012984,122.789332,854,480,2910,348
217,1576336133.2766173,False,97.387695,128.127999,854,480,2921,349
218,1576336134.0472174,False,97.889927,128.127999,854,480,2937,351
219,1576336134.4600782,False,98.570585,128.127999,854,480,2957,353
220,1576336134.8833373,False,98.998381,128.127999,854,480,2969,354
221,1576336135.3344817,False,99.43727,128.127999,854,480,2982,357
222,1576336135.7409782,False,99.841782,128.127999,854,480,2995,358
223,1576336136.1660187,False,100.267789,128.127999,854,480,3007,359
224,1576336136.6000504,False,100.697707,133.466666,854,480,3020,361
225,1576336136.9951835,False,101.101676,133.466666,854,480,3032,362
226,1576336137.405615,False,101.519983,133.466666,854,480,3044,364
227,1576336137.8760486,False,101.929316,133.466666,854,480,3057,365
228,1576336138.227435,False,102.352823,133.466666,854,480,3070,366
229,1576336138.683406,False,102.781541,133.466666,854,480,3082,368
230,1576336139.122617,False,103.231658,133.466666,854,480,3095,370
231,1576336139.5511875,False,103.666416,133.466666,854,480,3109,371
232,1576336139.9215846,False,104.037382,133.466666,854,480,3120,373
233,1576336140.3771355,False,104.488439,133.466666,854,480,3133,374
234,1576336140.7399454,False,104.846452,133.466666,854,480,3145,376
235,1576336141.1401405,False,105.249001,133.466666,854,480,3157,376
236,1576336141.5380735,False,105.649267,138.805332,854,480,3168,379
237,1576336141.9364219,False,106.045601,138.805332,854,480,3180,380
238,1576336142.362412,False,106.459677,138.805332,854,480,3193,382
239,1576336142.7403207,False,106.846521,138.805332,854,480,3205,382
240,1576336143.1593401,False,107.265867,138.805332,854,480,3218,386
241,1576336143.5669768,False,107.683591,138.805332,854,480,3229,386
242,1576336143.9432604,False,108.054963,138.805332,854,480,3241,386
243,1576336144.379013,False,108.502556,138.805332,854,480,3246,392
244,1576336144.8263927,False,108.946227,138.805332,854,480,3259,392
245,1576336145.2720215,False,109.381119,138.805332,854,480,3280,394
246,1576336145.6727674,False,109.781267,144.143999,854,480,3293,396
247,1576336146.0759892,False,110.183846,144.143999,854,480,3305,398
248,1576336146.5158675,False,110.637713,144.143999,854,480,3310,398
249,1576336146.9701204,False,111.084889,144.143999,854,480,3324,402
250,1576336147.4125662,False,111.538011,144.143999,854,480,3346,405
251,1576336147.8477702,False,111.961633,144.143999,854,480,3357,406
252,1576336148.24587,False,112.3522,144.143999,854,480,3370,408
253,1576336148.6524668,False,112.764079,144.143999,854,480,3382,408
254,1576336149.0761383,False,113.182511,144.143999,854,480,3394,409
255,1576336149.4557054,False,113.574917,144.143999,854,480,3406,411
256,1576336149.9159532,False,114.028717,144.143999,854,480,3418,412
257,1576336150.273466,False,114.389928,144.143999,854,480,3431,414
258,1576336150.697177,False,114.810751,149.482666,854,480,3443,415
259,1576336151.1033587,False,115.215181,149.482666,854,480,3456,416
260,1576336151.561271,False,115.680207,149.482666,854,480,3461,418
261,1576336152.0028393,False,116.1099,149.482666,854,480,3482,419
262,1576336152.3973744,False,116.504041,149.482666,854,480,3494,421
263,1576336152.8121498,False,116.924697,149.482666,854,480,3506,422
264,1576336153.2344549,False,117.343362,150.001,854,480,3518,423
265,1576336153.6390452,False,117.74728,150.001,854,480,3531,424
266,1576336154.036124,False,118.145019,150.001,854,480,3543,425
267,1576336154.4127116,False,118.520117,150.001,854,480,3555,425
268,1576336154.8577373,False,118.976356,150.001,854,480,3559,428
269,1576336155.2825575,False,119.385243,150.001,854,480,3581,429
270,1576336155.7124493,False,119.823972,154.821332,854,480,3593,430
271,1576336156.1345475,False,120.240694,154.821332,854,480,3606,432
272,1576336156.5720387,False,120.6858,154.821332,854,480,3619,434
273,1576336156.9847448,False,121.096208,154.821332,854,480,3632,436
274,1576336157.4342682,False,121.549671,154.821332,854,480,3645,438
275,1576336157.9203284,False,122.041268,154.821332,854,480,3653,444
276,1576336158.3434765,False,122.463024,154.821332,854,480,3673,446
277,1576336158.7856693,False,122.909106,154.821332,854,480,3677,448
278,1576336159.2416427,False,123.34543,154.821332,854,480,3699,450
279,1576336159.6366558,False,123.744822,160.001,854,480,3712,452
280,1576336160.0457711,False,124.154609,160.001,854,480,3723,452
281,1576336160.485413,False,124.593306,160.001,854,480,3736,454
282,1576336160.875759,False,124.984735,160.001,854,480,3748,454
283,1576336161.2642808,False,125.378317,160.001,854,480,3760,456
284,1576336161.6486166,False,125.756948,160.001,854,480,3772,458
285,1576336162.0903435,False,126.205441,160.159999,854,480,3784,460
286,1576336162.5264285,False,126.630195,160.159999,854,480,3798,460
287,1576336162.9847915,False,127.098597,160.159999,854,480,3811,464
288,1576336163.3912904,False,127.505236,160.159999,854,480,3824,466
289,1576336163.8027952,False,127.914282,160.159999,854,480,3836,468
290,1576336164.1888041,False,128.302576,160.159999,854,480,3848,470
291,1576336164.671893,False,128.79395,160.159999,854,480,3855,472
292,1576336165.1029155,False,129.2161,165.498666,854,480,3876,475
293,1576336165.5129135,False,129.627034,165.498666,854,480,3887,475
294,1576336165.904504,False,130.010427,165.498666,854,480,3898,476
295,1576336166.3233433,False,130.427253,165.498666,854,480,3910,477
296,1576336166.710114,False,130.821207,165.498666,854,480,3924,478
297,1576336167.1312995,False,131.240197,165.498666,854,480,3936,479
298,1576336167.5243638,False,131.638407,165.498666,854,480,3947,480
299,1576336167.933686,False,132.059228,165.498666,854,480,3961,481
300,1576336168.3599005,False,132.465233,165.498666,854,480,3973,482
301,1576336168.7999833,False,132.914232,165.498666,854,480,3977,484
302,1576336169.254735,False,133.368061,170.001,854,480,3998,486
303,1576336169.6468847,False,133.749719,170.001,854,480,4011,487
304,1576336170.0708828,False,134.174078,170.001,854,480,4023,488
305,1576336170.4829862,False,134.596641,170.837332,854,480,4036,489
306,1576336170.956761,False,135.071028,170.837332,854,480,4048,491
307,1576336171.3552835,False,135.464138,170.837332,854,480,4062,492
308,1576336171.7806573,False,135.894755,170.837332,854,480,4074,493
309,1576336172.186077,False,136.289576,170.837332,854,480,4087,494
310,1576336172.6157036,False,136.727202,170.837332,854,480,4100,495
311,1576336172.9815855,False,137.08671,170.837332,854,480,4112,496
312,1576336173.429818,False,137.544088,170.837332,854,480,4124,498
313,1576336173.818492,False,137.921435,170.837332,854,480,4135,498
314,1576336174.2338316,False,138.342815,170.837332,854,480,4149,500
315,1576336174.6674657,False,138.771674,170.837332,854,480,4161,500
316,1576336175.0670714,False,139.17667,170.837332,854,480,4174,503
317,1576336175.4983947,False,139.60043,170.837332,854,480,4186,506
318,1576336175.8742695,False,139.978923,170.837332,854,480,4198,508
319,1576336176.3070612,False,140.420597,170.837332,854,480,4211,510
320,1576336176.7049577,False,140.811312,170.837332,854,480,4222,510
321,1576336177.0989687,False,141.224666,170.837332,854,480,4235,512
322,1576336177.6250083,False,141.464221,180.001,854,480,4241,514
323,1576336178.0477657,False,142.17297,180.001,854,480,4264,518
324,1576336178.5023665,False,142.60915,180.001,854,480,4277,520
325,1576336178.8791914,False,143.002797,180.001,854,480,4288,520
326,1576336179.3207417,False,143.427325,181.514666,854,480,4301,522
327,1576336179.8175693,False,143.93238,181.514666,854,480,4315,522
328,1576336180.1635637,False,144.277122,181.514666,854,480,4326,524
329,1576336180.5899065,False,144.693349,181.514666,854,480,4339,526
330,1576336180.9925423,False,145.098529,181.514666,854,480,4352,528
331,1576336181.3918462,False,145.498286,181.514666,854,480,4362,528
332,1576336181.8189955,False,145.932861,186.853332,854,480,4376,530
333,1576336182.2189343,False,146.32768,186.853332,854,480,4387,531
334,1576336182.6588016,False,146.772542,186.853332,854,480,4400,532
335,1576336183.0633583,False,147.176642,186.853332,854,480,4413,534
336,1576336183.4999642,False,147.609259,186.853332,854,480,4426,536
337,1576336183.8829908,False,147.994735,186.853332,854,480,4437,537
338,1576336184.322635,False,148.440472,186.853332,854,480,4443,538
339,1576336184.7421863,False,148.867092,186.853332,854,480,4464,539
340,1576336185.5577805,False,149.397892,186.853332,854,480,4480,540
341,1576336186.000018,False,150.121194,186.853332,854,480,4494,541
342,1576336186.4399478,False,150.546227,190.001,854,480,4515,543
343,1576336186.86718,False,150.975951,190.001,854,480,4526,544
344,1576336187.2895558,False,151.397258,190.001,854,480,4540,546
345,1576336187.6910846,False,151.799622,190.001,854,480,4552,547
346,1576336188.1261978,False,152.240326,190.001,854,480,4564,548
347,1576336188.5230381,False,152.620763,190.001,854,480,4576,549
348,1576336188.9286885,False,153.038656,192.191999,854,480,4589,550
349,1576336189.3381443,False,153.444216,192.191999,854,480,4601,551
350,1576336189.7942376,False,153.916338,192.191999,854,480,4607,553
351,1576336190.2744775,False,154.39523,192.191999,854,480,4621,555
352,1576336190.693538,False,154.813986,192.191999,854,480,4643,557
353,1576336191.1499603,False,154.988554,192.191999,854,480,4647,557
354,1576336191.587746,False,155.706922,192.191999,854,480,4670,562
355,1576336192.0369062,False,155.875775,192.191999,854,480,4673,563
356,1576336192.4711993,False,156.595538,192.191999,854,480,4696,565
357,1576336192.89301,False,157.018688,192.191999,854,480,4709,569
358,1576336193.309572,False,157.420993,192.191999,854,480,4721,570
359,1576336193.708713,False,157.829087,192.191999,854,480,4733,571
360,1576336194.1491456,False,158.270209,192.191999,854,480,4738,575
361,1576336194.5867386,False,158.699972,197.297099,854,480,4759,575
362,1576336195.0225048,False,159.131458,197.297099,854,480,4772,578
363,1576336195.437283,False,159.546295,197.297099,854,480,4784,581
364,1576336195.828016,False,159.947303,197.297099,854,480,4797,583
365,1576336196.336117,False,160.444365,200.001,854,480,4809,583
366,1576336196.784848,False,160.89419,200.001,854,480,4824,585
367,1576336197.203058,False,161.309318,200.001,854,480,4836,586
368,1576336197.618643,False,161.727695,200.001,854,480,4850,587
369,1576336198.0096996,False,162.124781,202.335466,854,480,4862,588
370,1576336198.4502325,False,162.550475,202.335466,854,480,4874,590
371,1576336198.8967779,False,163.000205,207.674132,854,480,4887,590
372,1576336199.3147576,False,163.428458,207.674132,854,480,4900,592
373,1576336199.738118,False,163.847297,207.674132,854,480,4912,593
374,1576336200.1378376,False,164.251408,207.674132,854,480,4924,594
375,1576336200.5518627,False,164.655798,207.674132,854,480,4938,595
376,1576336200.943536,False,165.057821,207.674132,854,480,4949,597
377,1576336201.3573627,False,165.48164,207.674132,854,480,4962,599
378,1576336201.5299034,False,165.638021,207.674132,854,480,4965,600
379,1576336201.864518,False,165.975683,210.001,854,480,4976,605
380,1576336202.273897,False,166.140757,210.001,854,480,4981,607
381,1576336202.7163088,False,166.840339,210.001,854,480,5003,613
382,1576336202.9012094,False,167.009665,210.001,854,480,5008,614
383,1576336203.5302632,False,167.640573,210.001,854,480,5026,620
384,1576336204.019527,False,168.141532,210.001,854,480,5032,622
385,1576336204.2040584,False,168.328494,210.001,854,480,5045,628
386,1576336204.592798,False,168.698346,210.001,854,480,5057,632
387,1576336205.334304,False,169.446011,210.001,854,480,5081,638
388,1576336205.7731671,False,169.894928,210.001,854,480,5086,641
389,1576336206.186812,False,170.312528,210.001,854,480,5107,643
390,1576336206.6392765,False,170.742633,210.001,854,480,5120,645
391,1576336207.0417843,False,171.150917,210.001,854,480,5131,645
392,1576336207.4641242,False,171.576966,210.001,854,480,5145,647
393,1576336207.924812,False,172.028772,210.001,854,480,5158,649
394,1576336208.3152812,False,172.42873,210.001,854,480,5170,649
395,1576336208.784165,False,172.887513,213.012799,854,480,5183,651
396,1576336209.186109,False,173.288356,213.012799,854,480,5196,651
397,1576336209.6279051,False,173.734562,213.012799,854,480,5209,653
398,1576336210.0782964,False,173.91816,213.012799,854,480,5214,653
399,1576336210.4951127,False,174.620156,213.012799,854,480,5237,658
400,1576336210.9598885,False,175.074237,213.012799,854,480,5249,661
401,1576336211.3927867,False,175.501772,213.012799,854,480,5263,663
402,1576336211.7935672,False,175.905295,213.012799,854,480,5274,663
403,1576336212.2498608,False,176.358646,218.351466,854,480,5288,665
404,1576336212.6821768,False,176.790742,218.351466,854,480,5300,665
405,1576336213.1988854,False,177.31377,218.351466,854,480,5316,668
406,1576336213.574669,False,177.685161,223.690132,854,480,5327,670
407,1576336213.9536238,False,178.073697,223.690132,854,480,5339,671
408,1576336214.4017727,False,178.515261,223.690132,854,480,5342,674
409,1576336214.8514926,False,178.976603,223.690132,854,480,5358,675
410,1576336215.2837563,False,179.408248,223.690132,854,480,5380,677
411,1576336215.7096274,False,179.827915,229.028799,854,480,5391,678
412,1576336216.1355925,False,180.254305,229.028799,854,480,5405,679
413,1576336216.313964,False,180.435836,229.028799,854,480,5410,680
414,1576336216.687656,False,180.799503,229.028799,854,480,5420,680
415,1576336217.0800366,False,181.194314,229.028799,854,480,5432,682
416,1576336217.463636,False,181.583172,229.028799,854,480,5444,683
417,1576336217.8818634,False,182.007294,229.028799,854,480,5457,684
418,1576336218.335951,False,182.17536,234.367466,854,480,5462,684
419,1576336218.7704983,False,182.895175,234.367466,854,480,5476,687
420,1576336219.1934712,False,183.316325,234.367466,854,480,5497,688
421,1576336219.6339045,False,183.757893,234.367466,854,480,5501,689
422,1576336220.076694,False,184.190001,234.367466,854,480,5514,691
423,1576336220.5170255,False,184.635691,234.367466,854,480,5528,691
424,1576336220.9678378,False,185.069282,234.367466,854,480,5549,693
425,1576336221.4052641,False,185.508531,234.367466,854,480,5563,696
426,1576336221.8273387,False,185.941371,234.367466,854,480,5575,697
427,1576336222.2871308,False,186.398906,239.706132,854,480,5589,700
428,1576336222.5002735,False,186.623885,239.706132,854,480,5596,702
429,1576336222.870536,False,186.971517,239.706132,854,480,5606,704
430,1576336223.2810302,False,187.395224,239.706132,854,480,5617,704
431,1576336223.6988804,False,187.812001,239.706132,854,480,5631,707
432,1576336224.138349,False,188.244213,245.044799,854,480,5645,710
433,1576336224.6149936,False,188.728779,245.044799,854,480,5659,711
434,1576336225.0096135,False,189.123538,245.044799,854,480,5670,712
435,1576336225.4314587,False,189.544692,245.044799,854,480,5683,712
436,1576336225.8505857,False,189.959147,245.044799,854,480,5695,714
437,1576336226.303062,False,190.409246,245.044799,854,480,5709,716
438,1576336226.6993523,False,190.811137,245.044799,854,480,5720,716
439,1576336227.1328351,False,191.25009,245.044799,854,480,5734,718
440,1576336227.554123,False,191.678932,245.044799,854,480,5747,718
441,1576336227.9843497,False,192.109276,245.044799,854,480,5760,721
442,1576336228.4014351,False,192.526959,245.044799,854,480,5773,722
443,1576336228.8847332,False,193.009708,245.044799,854,480,5778,724
444,1576336229.3291688,False,193.442028,245.044799,854,480,5800,724
445,1576336229.7580729,False,193.870802,245.044799,854,480,5812,725
446,1576336230.2189314,False,194.339302,245.044799,854,480,5817,726
447,1576336230.6534975,False,194.779006,245.044799,854,480,5839,728
448,1576336231.0780902,False,195.202576,245.044799,854,480,5852,729
449,1576336231.5156229,False,195.640451,245.044799,854,480,5866,730
450,1576336231.930318,False,196.056076,245.044799,854,480,5879,732
451,1576336232.3724787,False,196.496713,245.044799,854,480,5883,734
452,1576336232.8136528,False,196.937626,245.044799,854,480,5896,735
453,1576336233.268424,False,197.393022,245.044799,854,480,5918,737
454,1576336233.7141414,False,197.826976,245.044799,854,480,5931,738
455,1576336234.1639943,False,198.277732,245.044799,854,480,5945,740
456,1576336234.5650835,False,198.67319,245.044799,854,480,5957,741
457,1576336234.9991033,False,199.118933,245.044799,854,480,5970,743
458,1576336235.1905081,False,199.31289,245.044799,854,480,5976,743
459,1576336235.5079916,False,199.619602,245.044799,854,480,5985,744
460,1576336235.9449801,False,200.05227,245.044799,854,480,5999,745
461,1576336236.400439,False,200.514396,245.044799,854,480,6012,746
462,1576336236.8119087,False,200.937582,245.044799,854,480,6025,748
463,1576336237.24613,False,201.367156,245.044799,854,480,6038,749
464,1576336237.6912408,False,201.813629,245.044799,854,480,6042,751
465,1576336238.1077006,False,202.232737,245.044799,854,480,6064,753
466,1576336238.527442,False,202.652775,245.044799,854,480,6076,753
467,1576336238.957459,False,203.079632,245.044799,854,480,6089,755
468,1576336239.3958662,False,203.5178,245.044799,854,480,6093,755
469,1576336239.824908,False,203.949994,245.044799,854,480,6107,758
470,1576336240.2501624,False,204.370138,245.044799,854,480,6128,761
471,1576336240.695016,False,204.806374,245.044799,854,480,6141,763
472,1576336241.1241226,False,205.230111,245.044799,854,480,6153,763
473,1576336241.5692399,False,205.690027,245.044799,854,480,6159,765
474,1576336242.0046282,False,206.127624,245.044799,854,480,6172,767
475,1576336242.4376044,False,206.562814,245.044799,854,480,6194,769
476,1576336242.8532484,False,206.978783,245.044799,854,480,6206,771
477,1576336243.3013275,False,207.416022,245.044799,854,480,6210,771
478,1576336243.7256417,False,207.842257,245.044799,854,480,6232,773
479,1576336244.1408668,False,208.265681,245.044799,854,480,6244,773
480,1576336244.3260038,False,208.448748,245.044799,854,480,6249,775
481,1576336244.659986,False,208.773953,245.044799,854,480,6260,777
482,1576336245.0872905,False,209.195579,245.044799,854,480,6272,777
483,1576336245.540655,False,209.65204,245.044799,854,480,6285,778
484,1576336245.9719934,False,210.077821,245.044799,854,480,6299,780
485,1576336246.3894038,False,210.500889,245.044799,854,480,6311,782
486,1576336246.7816482,False,210.907216,245.044799,854,480,6323,782
487,1576336246.9626913,False,211.086045,245.044799,854,480,6329,785
488,1576336247.2832444,False,211.39471,245.044799,854,480,6338,785
489,1576336247.784269,False,211.625047,245.044799,854,480,6345,787
490,1576336248.221002,False,212.345241,245.044799,854,480,6358,789
491,1576336248.6724696,False,212.784449,245.044799,854,480,6371,790
492,1576336249.1149702,False,213.221414,245.044799,854,480,6393,792
493,1576336249.5610714,False,213.675408,245.044799,854,480,6406,792
494,1576336249.9506204,False,214.062648,245.044799,854,480,6418,793
495,1576336250.3830352,False,214.489312,245.044799,854,480,6431,794
496,1576336250.8455038,False,214.946448,245.044799,854,480,6444,795
497,1576336251.280942,False,215.382244,245.044799,854,480,6458,798
498,1576336251.68922,False,215.801078,245.044799,854,480,6470,799
499,1576336252.1309838,False,216.24521,245.044799,854,480,6483,800
500,1576336252.568269,False,216.671484,245.044799,854,480,6496,801
501,1576336252.9883168,False,217.103154,245.044799,854,480,6509,802
502,1576336253.4081256,False,217.518471,245.044799,854,480,6521,803
503,1576336253.8998687,False,218.0083,245.044799,854,480,6534,806
504,1576336254.3132854,False,218.422538,245.044799,854,480,6548,807
505,1576336254.6979346,False,218.815798,245.044799,854,480,6560,807
506,1576336255.1397517,False,219.242839,245.044799,854,480,6573,809
507,1576336255.6040313,False,219.727204,245.044799,854,480,6579,811
508,1576336256.0402663,False,220.162662,245.044799,854,480,6593,815
509,1576336256.4716039,False,220.596658,245.044799,854,480,6615,815
510,1576336256.9100332,False,221.034388,250.001,854,480,6619,819
511,1576336257.340842,False,221.466284,250.001,854,480,6639,819
512,1576336257.7627883,False,221.887195,250.001,854,480,6653,821
513,1576336258.1981192,False,222.322024,250.001,854,480,6657,823
514,1576336258.6148434,False,222.740015,250.001,854,480,6678,823
515,1576336258.811983,False,222.935422,250.001,854,480,6682,825
516,1576336259.1562834,False,223.252706,270.001,854,480,6693,825
517,1576336259.5424805,False,223.6629,270.001,854,480,6707,827
518,1576336260.0232742,False,223.857941,270.001,854,480,6712,829
519,1576336260.4740858,False,224.584664,270.001,854,480,6725,831
520,1576336260.6613028,False,224.771527,270.001,854,480,6738,833
521,1576336261.0187783,False,225.123257,270.001,854,480,6749,835
522,1576336261.4255543,False,225.534108,270.001,854,480,6762,836
523,1576336261.8603864,False,225.973675,270.001,854,480,6774,837
524,1576336262.3202965,False,226.434633,270.001,854,480,6788,839
525,1576336262.7139993,False,226.825165,270.001,854,480,6800,839
526,1576336263.143882,False,227.256962,270.001,854,480,6813,841
527,1576336263.5729022,False,227.692738,270.001,854,480,6827,843
528,1576336264.001723,False,228.124624,270.001,854,480,6839,844
529,1576336264.425999,False,228.551576,270.001,854,480,6853,845
530,1576336264.8534954,False,228.97907,270.001,854,480,6865,847
531,1576336265.2854474,False,229.409675,270.001,854,480,6879,849
532,1576336265.718643,False,229.843846,270.001,854,480,6892,849
533,1576336266.1592052,False,230.283874,270.001,854,480,6904,850
534,1576336266.3515692,False,230.456447,270.001,854,480,6908,851
535,1576336266.7080848,False,230.81646,270.001,854,480,6920,852
536,1576336267.1368794,False,231.25048,270.001,854,480,6932,853
537,1576336267.5388253,False,231.651049,270.001,854,480,6945,854
538,1576336267.9857185,False,232.094761,270.001,854,480,6959,855
539,1576336268.3896568,False,232.505663,270.001,854,480,6971,857
540,1576336268.8195126,False,232.939351,270.001,854,480,6984,858
541,1576336269.252011,False,233.365814,270.001,854,480,6996,859
542,1576336269.7057683,False,233.5473,270.001,854,480,7001,861
543,1576336269.897622,False,234.007649,270.001,854,480,7016,863
544,1576336270.26419,False,234.378225,270.001,854,480,7026,865
545,1576336270.6529157,False,234.762526,270.001,854,480,7038,865
546,1576336271.0719974,False,235.19744,270.001,854,480,7052,867
547,1576336271.5174787,False,235.360138,270.001,854,480,7055,867
548,1576336271.9799972,False,236.099722,270.001,854,480,7070,869
549,1576336272.1619594,False,236.280514,270.001,854,480,7085,871
550,1576336272.4745483,False,236.591538,270.001,854,480,7094,873
551,1576336272.9319434,False,237.038825,270.001,854,480,7107,873
552,1576336273.354673,False,237.461746,270.001,854,480,7119,875
553,1576336273.7540562,False,237.874187,270.001,854,480,7133,876
554,1576336274.182467,False,238.303814,270.001,854,480,7145,879
555,1576336274.3584075,False,238.48089,270.001,854,480,7150,879
556,1576336274.69087,False,238.807545,270.001,854,480,7161,881
557,1576336275.1190724,False,239.233276,270.001,854,480,7173,884
558,1576336275.54061,False,239.652589,270.001,854,480,7186,887
559,1576336275.9603183,False,240.084133,270.001,854,480,7197,887
560,1576336276.398156,False,240.511969,270.001,854,480,7211,889
561,1576336276.8441966,False,240.958159,270.001,854,480,7223,889
562,1576336277.2724304,False,241.386296,270.001,854,480,7237,891
563,1576336277.6828005,False,241.789678,270.001,854,480,7250,891
564,1576336278.0991147,False,242.210778,270.001,854,480,7261,892
565,1576336278.5576932,False,242.676631,270.001,854,480,7267,892
566,1576336278.9814649,False,243.107216,270.001,854,480,7288,894
567,1576336279.4080129,False,243.532656,270.001,854,480,7293,895
568,1576336279.8570426,False,243.972207,270.001,854,480,7314,896
569,1576336280.3281457,False,244.160221,270.001,854,480,7320,897
570,1576336280.7702243,False,244.894633,270.001,854,480,7333,900
571,1576336281.207247,False,245.329929,270.001,854,480,7355,900
572,1576336281.631072,False,245.753834,270.001,854,480,7367,901
573,1576336282.0552466,False,246.179888,270.001,854,480,7380,902
574,1576336282.4894133,False,246.61253,270.001,854,480,7385,903
575,1576336282.9119763,False,247.0375,270.001,854,480,7406,904
576,1576336283.3284395,False,247.454135,270.001,854,480,7419,905
577,1576336283.7683287,False,247.892805,270.001,854,480,7431,906
578,1576336284.1887581,False,248.312259,270.001,854,480,7444,907
579,1576336284.3670702,False,248.488026,270.001,854,480,7450,907
580,1576336284.6948895,False,248.799102,270.001,854,480,7459,909
581,1576336285.149045,False,249.260817,270.001,854,480,7472,910
582,1576336285.6406302,False,249.75412,270.001,854,480,7486,911
583,1576336286.0084634,False,250.12828,270.001,854,480,7499,913
584,1576336286.433674,False,250.558326,270.001,854,480,7511,913
585,1576336286.867883,False,250.991256,270.001,854,480,7516,913
586,1576336287.2972918,False,251.420107,270.001,854,480,7529,917
587,1576336287.7621546,False,251.606983,270.001,854,480,7543,917
588,1576336288.2054946,False,252.323694,270.001,854,480,7557,920
589,1576336288.6445165,False,252.768436,270.001,854,480,7578,921
590,1576336289.093677,False,252.935704,270.001,854,480,7583,923
591,1576336289.5372324,False,253.653721,280.001,854,480,7596,925
592,1576336289.7241895,False,253.837816,280.001,854,480,7608,925
593,1576336290.0413952,False,254.166822,280.001,854,480,7621,928
594,1576336290.5056067,False,254.348565,280.001,854,480,7625,930
595,1576336290.7170982,False,254.833587,280.001,854,480,7640,934
596,1576336291.161803,False,255.27673,280.001,854,480,7653,937
597,1576336291.4725668,False,255.598252,280.001,854,480,7662,937
598,1576336291.9046748,False,256.028002,280.001,854,480,7667,939
599,1576336292.335927,False,256.461179,280.001,854,480,7689,940
600,1576336292.7740226,False,256.898283,280.001,854,480,7703,943
601,1576336293.2219658,False,257.058544,290.001,854,480,7707,943
602,1576336293.6640875,False,257.788224,290.001,854,480,7719,944
603,1576336294.1159458,False,258.236335,290.001,854,480,7733,946
604,1576336294.5484018,False,258.673127,290.001,854,480,7755,947
605,1576336295.0163953,False,258.854704,298.431466,854,480,7761,948
606,1576336295.4618459,False,259.586254,298.431466,854,480,7774,950
607,1576336295.897953,False,260.021204,300.001,854,480,7786,951
608,1576336296.349166,False,260.474018,300.001,854,480,7808,953
609,1576336296.821255,False,260.941999,300.001,854,480,7815,953
610,1576336297.2508898,False,261.375955,300.001,854,480,7836,955
611,1576336297.6872318,False,261.808884,300.001,854,480,7840,955
612,1576336298.133019,False,262.257552,300.001,854,480,7853,957
613,1576336298.5642602,False,262.689279,300.001,854,480,7876,957
614,1576336298.9918156,False,263.117181,300.001,854,480,7888,958
615,1576336299.4371254,False,263.559894,300.001,854,480,7893,959
616,1576336299.895861,False,264.006111,300.001,854,480,7914,960
617,1576336300.3210883,False,264.446178,300.001,854,480,7928,962
618,1576336300.5040367,False,264.624432,300.001,854,480,7932,964
619,1576336300.8393505,False,264.944121,300.001,854,480,7943,965
620,1576336301.2444904,False,265.367341,300.001,854,480,7955,966
621,1576336301.6745834,False,265.80018,300.001,854,480,7969,968
622,1576336302.123178,False,266.246048,300.001,854,480,7974,968
623,1576336302.2798626,False,266.40447,300.001,854,480,7987,971
624,1576336302.6741173,False,266.7286,300.001,854,480,7997,972
625,1576336303.0935686,False,267.205107,300.001,854,480,8011,974
626,1576336303.5238707,False,267.637662,310.001,854,480,8023,976
627,1576336303.9519682,False,268.077079,310.001,854,480,8037,978
628,1576336304.413551,False,268.250966,310.001,854,480,8042,978
629,1576336304.868723,False,268.987213,310.001,854,480,8055,980
630,1576336305.0459,False,269.16861,310.001,854,480,8069,982
631,1576336305.3674295,False,269.483731,314.447466,854,480,8079,982
632,1576336305.8080368,False,269.933372,314.447466,854,480,8093,985
633,1576336306.2591727,False,270.373268,314.447466,854,480,8097,986
634,1576336306.71406,False,270.830831,314.447466,854,480,8111,988
635,1576336306.910033,False,271.023371,314.447466,854,480,8124,990
636,1576336307.277787,False,271.38633,314.447466,854,480,8135,993
637,1576336307.7110615,False,271.822193,314.447466,854,480,8150,996
638,1576336308.1436284,False,272.268025,314.447466,854,480,8162,996
639,1576336308.3215675,False,272.445554,314.447466,854,480,8166,998
640,1576336308.7254875,False,272.839298,314.447466,854,480,8177,998
641,1576336309.1359084,False,273.249309,319.786132,854,480,8192,1000
642,1576336309.5586982,False,273.682992,319.786132,854,480,8205,1000
643,1576336310.0111842,False,274.124032,319.786132,854,480,8209,1001
644,1576336310.4459908,False,274.571043,319.786132,854,480,8232,1002
645,1576336310.8796282,False,275.004516,319.786132,854,480,8236,1003
646,1576336311.318492,False,275.444176,319.786132,854,480,8257,1005
647,1576336311.7624135,False,275.884614,319.786132,854,480,8263,1006
648,1576336312.2201767,False,276.060924,319.786132,854,480,8276,1007
649,1576336312.6773076,False,276.801697,319.786132,854,480,8290,1010
650,1576336313.1363401,False,277.259736,319.786132,854,480,8304,1010
651,1576336313.583256,False,277.70206,319.786132,854,480,8316,1012
652,1576336314.0360014,False,278.160621,320.001,854,480,8339,1014
653,1576336314.470582,False,278.594925,320.001,854,480,8344,1015
654,1576336314.666155,False,278.790049,320.001,854,480,8357,1016
655,1576336315.0245376,False,279.13823,320.001,854,480,8367,1017
656,1576336315.4870605,False,279.606956,320.001,854,480,8373,1018
657,1576336315.9471457,False,280.054118,320.001,854,480,8387,1021
658,1576336316.3866372,False,280.506246,320.001,854,480,8401,1021
659,1576336316.8248167,False,280.949644,320.001,854,480,8414,1024
660,1576336317.2743835,False,281.396783,320.001,854,480,8428,1025
661,1576336317.724302,False,281.835039,320.001,854,480,8449,1027
662,1576336318.1558816,False,282.280909,320.001,854,480,8463,1029
663,1576336318.6337776,False,282.736688,320.001,854,480,8476,1029
664,1576336319.0683067,False,283.179196,320.001,854,480,8490,1032
665,1576336319.5331006,False,283.636768,320.001,854,480,8502,1033
666,1576336319.9736085,False,284.097154,320.001,854,480,8507,1037
667,1576336320.4059677,False,284.530641,320.001,854,480,8531,1039
668,1576336320.898013,False,285.019932,320.001,854,480,8536,1039
669,1576336321.3454192,False,285.465751,320.001,854,480,8549,1041
670,1576336321.7825928,False,285.906053,320.001,854,480,8563,1043
671,1576336322.2205918,False,286.343835,320.001,854,480,8585,1045
672,1576336322.4249115,False,286.544975,320.001,854,480,8588,1045
673,1576336322.7828617,False,286.897025,320.001,854,480,8600,1047
674,1576336323.2123635,False,287.328894,320.001,854,480,8614,1049
675,1576336323.6546633,False,287.777573,320.001,854,480,8627,1049
676,1576336324.1138668,False,288.225204,320.001,854,480,8641,1052
677,1576336324.5770893,False,288.69837,320.001,854,480,8646,1053
678,1576336325.0246966,False,289.144975,320.001,854,480,8661,1057
679,1576336325.4650636,False,289.58495,320.001,854,480,8673,1057
680,1576336325.9196491,False,290.034066,320.001,854,480,8686,1057
681,1576336326.3699791,False,290.488591,320.001,854,480,8700,1061
682,1576336326.8662093,False,290.70995,320.001,854,480,8715,1062
683,1576336327.3137987,False,291.43282,320.001,854,480,8729,1063
684,1576336327.7650435,False,291.876331,320.001,854,480,8750,1064
685,1576336328.1899793,False,292.309774,325.124799,854,480,8763,1066
686,1576336328.6389842,False,292.760469,325.124799,854,480,8768,1066
687,1576336329.084563,False,293.209267,325.124799,854,480,8791,1068
688,1576336329.5511606,False,293.674302,325.124799,854,480,8794,1071
689,1576336330.0116158,False,293.847004,325.124799,854,480,8809,1071
690,1576336330.4700913,False,294.308428,325.124799,854,480,8822,1073
691,1576336330.922776,False,295.044288,325.124799,854,480,8837,1074
692,1576336331.3829837,False,295.502857,325.124799,854,480,8850,1075
693,1576336331.570036,False,295.689077,325.124799,854,480,8862,1077
694,1576336331.9109852,False,296.01076,325.124799,854,480,8874,1079
695,1576336332.329351,False,296.452788,325.124799,854,480,8887,1080
696,1576336332.5157921,False,296.628186,325.124799,854,480,8892,1080
697,1576336332.8868046,False,296.997902,325.124799,854,480,8903,1082
698,1576336333.2937956,False,297.419253,325.124799,854,480,8916,1083
699,1576336333.7365248,False,297.858747,325.124799,854,480,8930,1085
700,1576336334.1871648,False,298.304664,325.124799,854,480,8934,1087
701,1576336334.6314287,False,298.755077,325.124799,854,480,8947,1087
702,1576336335.0711672,False,299.195643,325.124799,854,480,8961,1087
703,1576336335.5137038,False,299.636338,325.124799,854,480,8975,1091
704,1576336335.961564,False,300.081093,325.124799,854,480,8987,1093
705,1576336336.4524755,False,300.529697,325.124799,854,480,9001,1093
706,1576336336.8698397,False,300.995603,325.124799,854,480,9024,1095
707,1576336337.3107448,False,301.431776,325.124799,854,480,9028,1097
708,1576336337.7615004,False,301.882177,330.463466,854,480,9042,1097
709,1576336338.206771,False,302.048217,330.463466,854,480,9055,1099
710,1576336338.409281,False,302.519315,330.463466,854,480,9069,1101
711,1576336338.7395606,False,302.846035,330.463466,854,480,9079,1103
712,1576336339.191687,False,303.306441,330.463466,854,480,9092,1105
713,1576336339.5958254,False,303.709878,330.463466,854,480,9105,1107
714,1576336340.0343478,False,304.156813,330.463466,854,480,9118,1109
715,1576336340.4857361,False,304.325702,330.463466,854,480,9122,1109
716,1576336340.6832058,False,304.799332,330.463466,854,480,9136,1111
717,1576336341.0213225,False,305.135384,330.463466,854,480,9147,1113
718,1576336341.4288745,False,305.553496,330.463466,854,480,9160,1115
719,1576336341.8647366,False,305.989521,330.463466,854,480,9173,1115
720,1576336342.3060963,False,306.430906,330.463466,854,480,9186,1116
721,1576336342.7471948,False,306.871966,330.463466,854,480,9199,1116
722,1576336343.2040827,False,307.326503,330.463466,854,480,9204,1118
723,1576336343.6588428,False,307.778723,330.463466,854,480,9218,1118
724,1576336344.1472223,False,307.984954,330.463466,854,480,9233,1119
725,1576336344.5967188,False,308.722064,330.463466,854,480,9255,1121
726,1576336345.0455084,False,309.165905,330.463466,854,480,9260,1122
727,1576336345.5021007,False,309.62241,330.463466,854,480,9273,1124
728,1576336345.9475384,False,310.069913,330.463466,854,480,9287,1124
729,1576336346.3982658,False,310.520608,335.802132,854,480,9301,1125
730,1576336346.8485205,False,310.971638,335.802132,854,480,9314,1126
731,1576336347.2998145,False,311.417638,335.802132,854,480,9327,1127
732,1576336347.7512045,False,311.874943,335.802132,854,480,9341,1129
733,1576336348.2011752,False,312.324279,335.802132,854,480,9354,1130
734,1576336348.6483421,False,312.770611,335.802132,854,480,9367,1132
735,1576336348.8391473,False,312.952884,335.802132,854,480,9380,1133
736,1576336349.2088223,False,313.316901,335.802132,854,480,9392,1134
737,1576336349.5993948,False,313.725193,335.802132,854,480,9406,1137
738,1576336349.7963257,False,313.910646,335.802132,854,480,9410,1137
739,1576336350.115879,False,314.240706,335.802132,854,480,9421,1139
740,1576336350.593277,False,314.710636,335.802132,854,480,9425,1139
741,1576336351.0463636,False,315.167313,335.802132,854,480,9440,1141
742,1576336351.255634,False,315.355473,335.802132,854,480,9453,1143
743,1576336351.5954566,False,315.691623,335.802132,854,480,9464,1145
744,1576336352.0094373,False,316.13444,335.802132,854,480,9478,1147
745,1576336352.4619677,False,316.579213,335.802132,854,480,9482,1147
746,1576336352.9046242,False,317.027445,335.802132,854,480,9495,1149
747,1576336353.3480597,False,317.469688,335.802132,854,480,9509,1149
748,1576336353.786621,False,317.910339,335.802132,854,480,9521,1149
749,1576336354.2550452,False,318.373994,335.802132,854,480,9537,1151
750,1576336354.7090795,False,318.825855,335.802132,854,480,9549,1154
751,1576336355.1577961,False,319.281895,335.802132,854,480,9564,1157
752,1576336355.5914347,False,319.714832,341.140799,854,480,9576,1159
753,1576336355.82908,False,319.949252,341.140799,854,480,9591,1161
754,1576336356.208148,False,320.311931,341.140799,854,480,9601,1161
755,1576336356.6342697,False,320.748004,341.140799,854,480,9615,1163
756,1576336356.8078144,False,320.931225,341.140799,854,480,9619,1165
757,1576336357.1207492,False,321.240977,341.140799,854,480,9631,1168
758,1576336357.300471,False,321.424428,341.140799,854,480,9636,1170
759,1576336357.6390817,False,321.752735,341.140799,854,480,9645,1170
760,1576336358.0860536,False,322.196233,341.140799,854,480,9660,1171
761,1576336358.302728,False,322.414764,341.140799,854,480,9663,1173
762,1576336358.6251745,False,322.736399,341.140799,854,480,9675,1174
763,1576336359.0769558,False,323.195021,341.140799,854,480,9679,1176
764,1576336359.5161316,False,323.641579,341.140799,854,480,9702,1177
765,1576336360.0363429,False,324.145272,341.140799,854,480,9716,1178
766,1576336360.4650307,False,324.589741,341.140799,854,480,9730,1180
767,1576336360.9172382,False,325.030711,341.140799,854,480,9736,1182
768,1576336361.1141284,False,325.223816,341.140799,854,480,9748,1183
769,1576336361.4478881,False,325.558498,341.140799,854,480,9759,1185
770,1576336361.871481,False,325.996548,341.140799,854,480,9772,1186
771,1576336362.0715544,False,326.17969,341.140799,854,480,9777,1187
772,1576336362.3927653,False,326.518377,341.140799,854,480,9788,1188
773,1576336362.8631587,False,326.986199,341.140799,854,480,9793,1189
774,1576336363.3077977,False,327.430546,341.140799,854,480,9807,1190
775,1576336363.7548614,False,327.877955,341.140799,854,480,9821,1192
776,1576336364.2063591,False,328.325802,341.140799,854,480,9834,1192
777,1576336364.656122,False,328.770783,341.140799,854,480,9847,1193
778,1576336365.0975838,False,329.220338,341.140799,854,480,9861,1194
779,1576336365.5548072,False,329.668241,341.140799,854,480,9874,1195
780,1576336365.992684,False,330.114311,346.479466,854,480,9887,1197
781,1576336366.4464507,False,330.569327,346.479466,854,480,9901,1197
782,1576336366.903703,False,331.023284,346.479466,854,480,9915,1197
783,1576336367.3469732,False,331.472015,346.479466,854,480,9928,1199
784,1576336367.814585,False,331.647537,346.479466,854,480,9942,1201
785,1576336368.0254424,False,332.12896,346.479466,854,480,9956,1201
786,1576336368.504637,False,332.618467,346.479466,854,480,9970,1205
787,1576336368.8909822,False,332.992414,346.479466,854,480,9982,1207
788,1576336369.3201416,False,333.427724,346.479466,854,480,9995,1207
789,1576336369.760031,False,333.86635,350.001,854,480,10009,1209
790,1576336370.1761537,False,334.300541,350.001,854,480,10022,1211
791,1576336370.632416,False,334.741615,350.001,854,480,10026,1211
792,1576336371.060806,False,335.185576,350.001,854,480,10048,1213
793,1576336371.5069926,False,335.626428,350.001,854,480,10052,1213
794,1576336371.9512393,False,336.073394,350.001,854,480,10066,1215
795,1576336372.1606157,False,336.270302,350.001,854,480,10080,1217
796,1576336372.508429,False,336.614553,350.001,854,480,10090,1219
797,1576336372.957737,False,336.796293,350.001,854,480,10096,1221
798,1576336373.120648,False,337.244616,350.001,854,480,10110,1223
799,1576336373.4491794,False,337.565725,350.001,854,480,10119,1223
800,1576336373.930657,False,337.77374,350.001,854,480,10126,1223
801,1576336374.402075,False,338.240916,350.001,854,480,10139,1224
802,1576336374.5950024,False,338.717782,350.001,854,480,10153,1227
803,1576336374.9000263,False,339.025156,350.001,854,480,10163,1228
804,1576336375.3576448,False,339.19602,350.001,854,480,10168,1228
805,1576336375.825453,False,339.66756,350.001,854,480,10182,1231
806,1576336376.2871246,False,340.115331,351.818132,854,480,10195,1232
807,1576336376.7382233,False,340.578994,351.818132,854,480,10211,1235
808,1576336376.9431496,False,341.05682,351.818132,854,480,10222,1236
809,1576336377.3242364,False,341.438487,351.818132,854,480,10234,1238
810,1576336377.7426496,False,341.867451,351.818132,854,480,10248,1240
811,1576336378.196643,False,342.033714,351.818132,854,480,10253,1241
812,1576336378.657258,False,342.776615,351.818132,854,480,10268,1242
813,1576336379.098672,False,343.220885,351.818132,854,480,10280,1244
814,1576336379.2979047,False,343.406611,351.818132,854,480,10293,1245
815,1576336379.6333067,False,343.753653,351.818132,854,480,10305,1248
816,1576336379.8259518,False,343.935042,351.818132,854,480,10310,1248
817,1576336380.1697745,False,344.277798,351.818132,854,480,10320,1249
818,1576336380.594223,False,344.719057,351.818132,854,480,10335,1251
819,1576336381.039844,False,345.160629,351.818132,854,480,10338,1251
820,1576336381.2231443,False,345.342297,351.818132,854,480,10352,1252
821,1576336381.5620055,False,345.675852,360.001,854,480,10362,1253
822,1576336381.9747236,False,346.099684,362.495466,854,480,10376,1255
823,1576336382.4253507,False,346.545249,362.495466,854,480,10380,1257
824,1576336382.8711133,False,346.995391,362.495466,854,480,10394,1261
825,1576336383.3132553,False,347.437127,362.495466,854,480,10407,1261
826,1576336383.4823027,False,347.606327,362.495466,854,480,10420,1261
827,1576336383.7911234,False,347.916335,362.495466,854,480,10430,1263
828,1576336384.2381048,False,348.075488,362.495466,854,480,10434,1263
829,1576336384.6979637,False,348.537014,362.495466,854,480,10449,1266
830,1576336384.9057589,False,349.026603,362.495466,854,480,10462,1267
831,1576336385.2380674,False,349.353984,362.495466,854,480,10473,1271
832,1576336385.417137,False,349.529737,362.495466,854,480,10478,1271
833,1576336385.7419717,False,349.861375,362.495466,854,480,10489,1273
834,1576336386.1910055,False,350.31421,362.495466,854,480,10494,1273
835,1576336386.6484423,False,350.76844,362.495466,854,480,10507,1275
836,1576336386.8394806,False,350.953147,362.495466,854,480,10521,1277
837,1576336387.146955,False,351.27217,362.495466,854,480,10531,1279
838,1576336387.5955575,False,351.716971,362.495466,854,480,10536,1279
839,1576336388.044148,False,352.168546,362.495466,256,144,10549,1283
840,1576336388.2451015,False,352.358322,362.495466,256,144,10564,1285
841,1576336388.5570133,False,352.682523,362.495466,256,144,10573,1287
842,1576336389.0303373,False,353.149692,362.495466,256,144,10579,1288
843,1576336389.210808,False,353.326027,362.495466,256,144,10591,1289
844,1576336389.536857,False,353.648727,362.495466,256,144,10602,1289
845,1576336389.987667,False,354.0942,362.495466,256,144,10614,1290
846,1576336390.4006393,False,354.525998,362.495466,256,144,10628,1290
847,1576336390.5722897,False,354.696337,362.495466,256,144,10632,1291
848,1576336390.8908365,False,355.002504,362.495466,256,144,10642,1291
849,1576336391.3585608,False,355.202084,362.495466,256,144,10647,1292
850,1576336391.8023264,False,355.925399,362.495466,256,144,10662,1292
851,1576336392.2580929,False,356.102121,362.495466,256,144,10675,1293
852,1576336392.7135575,False,356.837097,362.495466,256,144,10689,1293
853,1576336392.9081488,False,357.014243,362.495466,256,144,10701,1295
854,1576336393.237964,False,357.351779,370.001,256,144,10712,1295
855,1576336393.6705365,False,357.792112,370.001,256,144,10717,1296
856,1576336394.1211708,False,357.963984,370.001,256,144,10731,1296
857,1576336394.3124619,False,358.436547,370.001,256,144,10744,1298
858,1576336394.6389914,False,358.750686,370.001,256,144,10755,1298
859,1576336395.0754857,False,359.20093,370.001,256,144,10768,1299
860,1576336395.5328107,False,359.653554,370.001,256,144,10773,1300
861,1576336395.992086,False,359.831321,370.001,256,144,10787,1301
862,1576336396.4448009,False,360.567876,370.001,256,144,10801,1301
863,1576336396.9559882,False,361.077918,370.001,256,144,10816,1302
864,1576336397.143635,False,361.251663,370.001,256,144,10829,1303
865,1576336397.4689283,False,361.588402,370.001,256,144,10839,1305
866,1576336397.9144902,False,362.037989,377.977599,256,144,10844,1305
867,1576336398.3768535,False,362.216372,377.977599,256,144,10858,1307
868,1576336398.5544212,False,362.670253,377.977599,256,144,10871,1307
869,1576336398.8615026,False,362.986364,377.977599,256,144,10881,1307
870,1576336399.3125591,False,363.434818,379.061,256,144,10886,1309
871,1576336399.7664423,False,363.606054,388.654932,256,144,10900,1309
872,1576336399.948762,False,364.064775,388.654932,256,144,10912,1309
873,1576336400.2636702,False,364.384194,388.654932,256,144,10924,1311
874,1576336400.4493396,False,364.560676,388.654932,256,144,10927,1311
875,1576336400.7889097,False,364.914011,390.001,256,144,10939,1313
876,1576336401.2332022,False,365.356547,390.001,256,144,10944,1313
877,1576336401.4118197,False,365.533934,390.001,256,144,10956,1313
878,1576336401.7181478,False,365.843038,390.001,256,144,10967,1313
879,1576336401.9129362,False,366.027461,410.001,256,144,10972,1316
880,1576336402.219712,False,366.345354,410.001,256,144,10982,1317
881,1576336402.4596732,False,366.578427,410.001,256,144,10988,1317
882,1576336402.7943957,False,366.903058,410.001,256,144,10999,1317
883,1576336403.2186124,False,367.343564,410.009599,256,144,11013,1319
884,1576336403.6565301,False,367.781526,410.009599,256,144,11017,1319
885,1576336403.8432884,False,367.964788,410.009599,256,144,11030,1319
886,1576336404.186653,False,368.295769,410.009599,256,144,11040,1319
887,1576336404.6085594,False,368.732623,410.009599,256,144,11053,1319
888,1576336405.0597954,False,369.179632,410.009599,256,144,11059,1321
889,1576336405.504815,False,369.345711,410.009599,256,144,11073,1321
890,1576336405.6894407,False,369.799935,410.009599,256,144,11085,1323
891,1576336406.020197,False,370.144955,410.009599,256,144,11095,1323
892,1576336406.472581,False,370.59445,410.009599,256,144,11101,1323
893,1576336406.645224,False,370.764015,410.009599,256,144,11114,1324
894,1576336406.9849622,False,371.093889,410.009599,256,144,11124,1324
895,1576336407.4223292,False,371.54584,410.009599,256,144,11129,1326
896,1576336407.8807988,False,371.999689,410.009599,256,144,11143,1326
897,1576336408.093906,False,372.202981,410.009599,256,144,11157,1327
898,1576336408.4241648,False,372.54225,410.009599,256,144,11168,1328
899,1576336408.8573518,False,372.98178,410.009599,256,144,11172,1328
900,1576336409.031068,False,373.154671,440.001,256,144,11186,1329
901,1576336409.3460214,False,373.461792,440.001,256,144,11195,1329
902,1576336409.527661,False,373.645342,440.001,256,144,11201,1331
903,1576336409.8417704,False,373.961084,440.001,256,144,11210,1331
904,1576336410.2839234,False,374.405792,440.001,256,144,11215,1331
905,1576336410.741515,False,374.864976,440.001,256,144,11229,1332
906,1576336410.924505,False,375.04887,440.001,256,144,11242,1332
907,1576336411.235099,False,375.360429,440.001,256,144,11253,1333
908,1576336411.698987,False,375.815861,447.380266,256,144,11257,1334
909,1576336411.880417,False,375.993074,447.380266,256,144,11270,1335
910,1576336412.2746754,False,376.388119,447.380266,256,144,11283,1336
911,1576336412.6954808,False,376.820366,447.380266,256,144,11296,1337
912,1576336413.1469889,False,376.988695,447.380266,256,144,11301,1338
913,1576336413.3291438,False,377.445465,447.380266,256,144,11314,1339
914,1576336413.6833017,False,377.794359,447.380266,256,144,11325,1340
915,1576336413.8584385,False,377.982315,447.380266,256,144,11330,1340
916,1576336414.201187,False,378.310143,447.380266,256,144,11340,1340
917,1576336414.619694,False,378.745429,447.380266,256,144,11354,1340
918,1576336415.0701668,False,379.190779,447.380266,256,144,11359,1342
919,1576336415.5256767,False,379.365342,447.380266,256,144,11372,1342
920,1576336415.6986256,False,379.821627,447.380266,256,144,11386,1344
921,1576336416.0020235,False,380.12738,447.380266,256,144,11395,1344
922,1576336416.2135699,False,380.322815,447.380266,256,144,11400,1344
923,1576336416.5611348,False,380.664207,447.380266,256,144,11411,1347
924,1576336417.025742,False,381.134852,447.380266,256,144,11424,1348
925,1576336417.4379947,False,381.562926,447.380266,256,144,11437,1348
926,1576336417.8970158,False,381.73855,447.380266,256,144,11443,1348
927,1576336418.360261,False,382.197461,447.380266,256,144,11457,1350
928,1576336418.8143876,False,382.657053,447.380266,256,144,11470,1350
929,1576336419.3160996,False,383.158162,447.380266,256,144,11486,1352
930,1576336419.503903,False,383.612281,447.380266,256,144,11499,1352
931,1576336419.852332,False,383.971441,447.380266,256,144,11510,1354
932,1576336420.0300322,False,384.153022,447.380266,256,144,11514,1354
933,1576336420.346011,False,384.465852,447.380266,256,144,11526,1356
934,1576336420.7907722,False,384.912015,447.380266,256,144,11530,1356
935,1576336421.2571592,False,385.371002,447.380266,256,144,11543,1356
936,1576336421.7052467,False,385.82875,447.380266,256,144,11558,1356
937,1576336421.886727,False,386.007629,447.380266,256,144,11570,1357
938,1576336422.2101002,False,386.327183,447.380266,256,144,11581,1357
939,1576336422.3839943,False,386.507381,447.380266,256,144,11586,1358
940,1576336422.7350173,False,386.838935,447.380266,256,144,11596,1358
941,1576336423.1560028,False,387.280398,447.380266,256,144,11610,1359
942,1576336423.6155822,False,387.736569,447.380266,256,144,11614,1360
943,1576336424.0646265,False,387.904033,447.380266,256,144,11628,1360
944,1576336424.2505996,False,388.374188,447.380266,256,144,11641,1361
945,1576336424.5876744,False,388.70105,447.380266,256,144,11652,1361
946,1576336424.7873628,False,388.901568,447.380266,256,144,11656,1362
947,1576336425.1240385,False,389.233081,447.380266,256,144,11668,1362
948,1576336425.5434642,False,389.668195,447.380266,256,144,11682,1364
949,1576336425.7333732,False,389.850255,447.380266,256,144,11685,1365
950,1576336426.0824468,False,390.196288,447.380266,256,144,11697,1365
951,1576336426.5188894,False,390.643137,447.380266,256,144,11702,1366
952,1576336426.974212,False,391.093528,447.380266,256,144,11716,1366
953,1576336427.1592147,False,391.270365,447.380266,256,144,11728,1367
954,1576336427.474597,False,391.60014,447.380266,256,144,11739,1368
955,1576336427.9264936,False,392.049146,447.380266,256,144,11744,1368
956,1576336428.1061661,False,392.229976,447.380266,256,144,11757,1369
957,1576336428.4449403,False,392.553972,447.380266,256,144,11768,1369
958,1576336428.8662694,False,392.991687,447.380266,256,144,11781,1370
959,1576336429.3229291,False,393.440249,447.380266,256,144,11785,1370
960,1576336429.4948523,False,393.618566,447.380266,256,144,11799,1371
961,1576336429.8288147,False,393.934852,447.380266,256,144,11808,1371
962,1576336430.0048144,False,394.126667,447.380266,256,144,11814,1371
963,1576336430.3426578,False,394.456722,447.380266,256,144,11824,1373
964,1576336430.861721,False,394.903629,447.380266,256,144,11829,1373
965,1576336431.2432094,False,395.368379,447.380266,256,144,11852,1377
966,1576336431.698203,False,395.537828,447.380266,256,144,11857,1377
967,1576336431.8948574,False,396.010086,447.380266,256,144,11870,1377
968,1576336432.2381268,False,396.351683,447.380266,256,144,11881,1379
969,1576336432.661342,False,396.786686,447.380266,256,144,11894,1379
970,1576336432.8542619,False,396.968296,447.380266,256,144,11899,1379
971,1576336433.188885,False,397.300499,447.380266,256,144,11910,1381
972,1576336433.6217296,False,397.745899,447.380266,256,144,11915,1383
973,1576336433.8017433,False,397.925127,447.380266,256,144,11928,1383
974,1576336434.1698575,False,398.277941,447.380266,256,144,11938,1383
975,1576336434.6128545,False,398.727018,447.380266,256,144,11952,1383
976,1576336435.0429869,False,399.154568,447.380266,256,144,11966,1385
977,1576336435.498695,False,399.608464,447.380266,256,144,11980,1387
978,1576336435.7008367,False,399.823926,447.380266,256,144,11985,1387
979,1576336436.0536542,False,400.16238,447.380266,256,144,11995,1387
980,1576336436.4774027,False,400.588695,447.380266,256,144,12009,1389
981,1576336436.9340289,False,401.057662,447.380266,256,144,12014,1389
982,1576336437.1098151,False,401.233664,447.380266,256,144,12027,1389
983,1576336437.4353106,False,401.541602,447.380266,256,144,12037,1389
984,1576336437.8688579,False,401.9915,447.380266,256,144,12042,1390
985,1576336438.3285365,False,402.451943,447.380266,256,144,12056,1390
986,1576336438.789558,False,402.630668,447.380266,256,144,12069,1391
987,1576336438.9701438,False,403.094191,447.380266,256,144,12083,1391
988,1576336439.3384585,False,403.449449,447.380266,256,144,12093,1392
989,1576336439.75014,False,403.874896,447.380266,256,144,12107,1392
990,1576336440.2001288,False,404.039792,447.380266,256,144,12112,1392
991,1576336440.386818,False,404.510846,447.380266,256,144,12125,1393
992,1576336440.724512,False,404.838664,452.718932,256,144,12135,1394
993,1576336440.923764,False,405.04666,452.718932,256,144,12142,1394
994,1576336441.2543235,False,405.368589,452.718932,256,144,12151,1394
995,1576336441.7050798,False,405.816701,452.718932,256,144,12165,1395
996,1576336442.1536562,False,406.277645,452.718932,256,144,12170,1396
997,1576336442.33058,False,406.455032,452.718932,256,144,12184,1397
998,1576336442.6906943,False,406.804163,452.718932,256,144,12194,1398
999,1576336443.102555,False,407.226785,452.718932,256,144,12207,1398
1000,1576336443.5611572,False,407.681787,458.057599,256,144,12212,1399
1001,1576336443.745934,False,407.869108,458.057599,256,144,12226,1399
1002,1576336444.05594,False,408.175911,458.057599,256,144,12235,1400
1003,1576336444.5029762,False,408.345262,458.057599,256,144,12240,1401
1004,1576336444.696108,False,408.813957,458.057599,256,144,12254,1401
1005,1576336445.0102057,False,409.129781,458.057599,256,144,12264,1402
1006,1576336445.4633496,False,409.586064,458.057599,256,144,12269,1402
1007,1576336445.6514652,False,409.76498,458.057599,256,144,12284,1404
1008,1576336446.0179713,False,410.129895,458.057599,426,240,12295,1406
1009,1576336446.1897645,False,410.313745,458.057599,426,240,12300,1407
1010,1576336446.5875268,False,410.644588,458.057599,426,240,12308,1407
1011,1576336447.0170531,False,411.1413,458.057599,426,240,12324,1409
1012,1576336447.1868727,False,411.309485,458.057599,426,240,12329,1409
1013,1576336447.4900906,False,411.615657,458.057599,426,240,12338,1411
1014,1576336447.667282,False,411.790424,458.057599,426,240,12343,1411
1015,1576336447.9828632,False,412.102727,458.057599,426,240,12353,1413
1016,1576336448.4291306,False,412.270608,458.057599,426,240,12358,1413
1017,1576336448.606135,False,412.730239,458.057599,426,240,12372,1417
1018,1576336448.9484887,False,413.059427,458.057599,426,240,12381,1417
1019,1576336449.4010112,False,413.521399,458.057599,426,240,12388,1419
1020,1576336449.8540375,False,413.694125,458.057599,426,240,12401,1419
1021,1576336450.0489402,False,414.163263,458.057599,426,240,12415,1423
1022,1576336450.424432,False,414.53827,458.057599,426,240,12425,1423
1023,1576336450.8537755,False,414.978156,458.057599,426,240,12439,1425
1024,1576336451.0460534,False,415.157262,458.057599,426,240,12445,1427
1025,1576336451.3782082,False,415.483084,458.057599,426,240,12454,1427
1026,1576336451.8474526,False,415.970709,458.057599,426,240,12461,1429
1027,1576336452.0819507,False,416.19863,458.057599,426,240,12476,1431
1028,1576336452.403108,False,416.517277,458.057599,426,240,12485,1431
1029,1576336452.8417175,False,416.965792,458.057599,426,240,12491,1433
1030,1576336453.0130715,False,417.136161,458.057599,426,240,12505,1435
1031,1576336453.3273585,False,417.452705,458.057599,426,240,12514,1435
1032,1576336453.7933223,False,417.907634,458.057599,426,240,12519,1437
1033,1576336454.2382624,False,418.082908,458.057599,426,240,12532,1437
1034,1576336454.4154534,False,418.538989,458.057599,426,240,12546,1439
1035,1576336454.7457316,False,418.857413,458.057599,426,240,12555,1440
1036,1576336455.187713,False,419.309473,458.057599,426,240,12561,1441
1037,1576336455.366466,False,419.488739,458.057599,426,240,12574,1443
1038,1576336455.6946616,False,419.801414,458.057599,426,240,12585,1444
1039,1576336456.1298099,False,420.253865,458.057599,426,240,12589,1446
1040,1576336456.3134434,False,420.432906,458.057599,426,240,12602,1447
1041,1576336456.6470795,False,420.760039,458.057599,426,240,12612,1448
1042,1576336456.8283648,False,420.94814,458.057599,426,240,12618,1450
1043,1576336457.1736505,False,421.282446,458.057599,426,240,12628,1451
1044,1576336457.6062973,False,421.730393,458.057599,426,240,12641,1453
1045,1576336457.790079,False,421.903227,458.057599,426,240,12647,1453
1046,1576336458.1653798,False,422.27069,458.057599,426,240,12657,1455
1047,1576336458.5946085,False,422.719721,458.057599,426,240,12671,1457
1048,1576336459.0582747,False,422.899432,458.057599,426,240,12676,1458
1049,1576336459.2409065,False,423.36401,458.057599,426,240,12691,1459
1050,1576336459.5809398,False,423.691685,458.057599,426,240,12700,1461
1051,1576336460.020711,False,424.144162,458.057599,426,240,12705,1463
1052,1576336460.2030861,False,424.324201,458.057599,426,240,12719,1463
1053,1576336460.518055,False,424.634208,458.057599,426,240,12729,1465
1054,1576336460.723456,False,424.825822,458.057599,426,240,12734,1466
1055,1576336461.0736814,False,425.181262,458.057599,426,240,12745,1468
1056,1576336461.50591,False,425.625236,458.057599,426,240,12759,1469
1057,1576336461.7223477,False,425.84301,458.057599,426,240,12763,1471
1058,1576336462.0285432,False,426.1533,458.057599,426,240,12774,1473
1059,1576336462.2207541,False,426.334869,458.057599,426,240,12778,1475
1060,1576336462.5617986,False,426.687055,458.057599,426,240,12790,1475
1061,1576336463.0143456,False,426.851539,458.057599,426,240,12795,1477
1062,1576336463.2510676,False,427.374705,458.057599,426,240,12810,1479
1063,1576336463.5605068,False,427.680243,458.057599,426,240,12819,1479
1064,1576336464.0238857,False,428.144762,458.057599,426,240,12826,1481
1065,1576336464.481599,False,428.323674,458.057599,426,240,12840,1483
1066,1576336464.668437,False,428.782563,458.057599,426,240,12853,1483
1067,1576336464.9992938,False,429.11322,458.057599,426,240,12862,1485
1068,1576336465.4375935,False,429.559006,458.057599,426,240,12868,1487
1069,1576336465.6469018,False,429.755072,458.057599,426,240,12881,1489
1070,1576336465.9752936,False,430.100148,458.057599,426,240,12893,1491
1071,1576336466.4300237,False,430.548965,458.057599,426,240,12898,1493
1072,1576336466.8844302,False,430.72717,458.057599,426,240,12911,1493
1073,1576336467.069853,False,431.192661,458.057599,426,240,12925,1495
1074,1576336467.4070864,False,431.511359,458.057599,426,240,12935,1497
1075,1576336467.8409686,False,431.965281,458.057599,426,240,12949,1497
1076,1576336468.0134716,False,432.137262,458.057599,426,240,12953,1499
1077,1576336468.3432922,False,432.449789,458.057599,426,240,12963,1499
1078,1576336468.7760482,False,432.90054,458.057599,426,240,12968,1501
1079,1576336469.0102382,False,433.113836,458.057599,426,240,12981,1503
1080,1576336469.319347,False,433.444735,458.057599,426,240,12992,1503
1081,1576336469.772848,False,433.896438,458.057599,426,240,12998,1505
1082,1576336469.9541678,False,434.070955,458.057599,426,240,13011,1505
1083,1576336470.336917,False,434.440834,458.057599,426,240,13022,1508
1084,1576336470.7635438,False,434.88676,458.057599,426,240,13036,1510
1085,1576336470.931631,False,435.055416,458.057599,426,240,13041,1511
1086,1576336471.267422,False,435.379025,468.734932,426,240,13050,1512
1087,1576336471.7118185,False,435.836573,468.734932,426,240,13056,1514
1088,1576336471.9172044,False,436.030422,468.734932,426,240,13069,1515
1089,1576336472.2289603,False,436.353265,468.734932,426,240,13080,1516
1090,1576336472.4015434,False,436.525522,468.734932,426,240,13084,1517
1091,1576336472.7042751,False,436.829315,468.734932,426,240,13095,1518
1092,1576336473.172257,False,437.294066,468.734932,426,240,13099,1519
1093,1576336473.3789628,False,437.48965,468.734932,426,240,13115,1521
1094,1576336473.7189336,False,437.837961,468.734932,426,240,13124,1523
1095,1576336473.9234102,False,438.032071,468.734932,426,240,13130,1526
1096,1576336474.274891,False,438.38154,468.734932,426,240,13140,1527
1097,1576336474.4744208,False,438.578252,468.734932,426,240,13147,1528
1098,1576336474.7892118,False,438.914937,468.734932,426,240,13156,1530
1099,1576336474.9708633,False,439.085191,468.734932,426,240,13162,1531
1100,1576336475.2839224,False,439.409029,468.734932,426,240,13172,1533
1101,1576336475.4698646,False,439.578787,468.734932,426,240,13176,1533
1102,1576336475.7864614,False,439.911835,468.734932,426,240,13187,1535
1103,1576336476.2400033,False,440.082542,468.734932,426,240,13192,1535
1104,1576336476.4317489,False,440.552851,468.734932,426,240,13206,1537
1105,1576336476.7456815,False,440.865137,468.734932,426,240,13215,1538
1106,1576336477.2004018,False,441.320412,468.734932,426,240,13221,1539
1107,1576336477.3796456,False,441.496416,468.734932,426,240,13233,1542
1108,1576336477.723445,False,441.837629,468.734932,426,240,13243,1543
1109,1576336478.1534495,False,442.278141,468.734932,426,240,13257,1545
1110,1576336478.3326764,False,442.446485,468.734932,426,240,13261,1545
1111,1576336478.676827,False,442.783246,468.734932,426,240,13273,1547
1112,1576336479.1163604,False,443.240096,468.734932,426,240,13277,1549
1113,1576336479.3100705,False,443.41851,468.734932,426,240,13290,1549
1114,1576336479.6638155,False,443.788946,468.734932,426,240,13302,1551
1115,1576336479.869753,False,443.976475,468.734932,426,240,13309,1553
1116,1576336480.2372515,False,444.345723,468.734932,426,240,13318,1553
1117,1576336480.6729803,False,444.797282,468.734932,426,240,13325,1557
1118,1576336480.849577,False,444.971702,468.734932,426,240,13338,1557
1119,1576336481.1560557,False,445.281576,468.734932,426,240,13347,1557
1120,1576336481.6360674,False,445.479664,468.734932,426,240,13353,1559
1121,1576336481.814275,False,445.932301,468.734932,426,240,13367,1561
1122,1576336482.1219969,False,446.246704,468.734932,426,240,13376,1561
1123,1576336482.5863864,False,446.704763,468.734932,426,240,13382,1563
1124,1576336482.7698727,False,446.883371,468.734932,426,240,13395,1565
1125,1576336483.1023598,False,447.217366,468.734932,426,240,13406,1567
1126,1576336483.313974,False,447.42771,468.734932,426,240,13412,1569
1127,1576336483.6697361,False,447.771158,468.734932,640,360,13422,1569
1128,1576336484.1086497,False,448.231577,470.001,640,360,13428,1571
1129,1576336484.2992947,False,448.416105,470.001,640,360,13441,1571
1130,1576336484.6356277,False,448.742133,470.001,640,360,13451,1571
1131,1576336485.0878108,False,448.924686,470.001,640,360,13457,1573
1132,1576336485.307471,False,449.416172,470.001,640,360,13472,1575
1133,1576336485.644788,False,449.769446,470.001,640,360,13482,1577
1134,1576336485.8381486,False,449.945808,474.073599,640,360,13487,1577
1135,1576336486.1554632,False,450.280365,474.073599,640,360,13497,1578
1136,1576336486.3355799,False,450.456923,474.073599,640,360,13503,1579
1137,1576336486.673578,False,450.778969,474.073599,640,360,13512,1579
1138,1576336486.8726366,False,450.980997,474.073599,640,360,13516,1581
1139,1576336487.2158427,False,451.329501,474.073599,640,360,13529,1582
1140,1576336487.661452,False,451.783537,474.073599,640,360,13534,1582
1141,1576336487.8670044,False,451.968393,474.073599,640,360,13547,1583
1142,1576336488.2312493,False,452.350785,474.073599,640,360,13561,1584
1143,1576336488.4096296,False,452.532943,474.073599,640,360,13564,1585
1144,1576336488.7299798,False,452.844921,474.073599,640,360,13574,1585
1145,1576336489.1869185,False,453.025789,474.073599,640,360,13579,1586
1146,1576336489.3702192,False,453.483881,474.073599,640,360,13593,1587
1147,1576336489.6862886,False,453.811454,474.073599,640,360,13603,1588
1148,1576336489.8680694,False,453.984729,474.073599,640,360,13608,1588
1149,1576336490.2016754,False,454.315341,474.073599,640,360,13618,1589
1150,1576336490.3986466,False,454.506824,474.073599,640,360,13623,1591
1151,1576336490.7270563,False,454.84733,474.073599,640,360,13635,1593
1152,1576336490.9157565,False,455.029846,474.073599,640,360,13639,1594
1153,1576336491.316638,False,455.430559,474.073599,640,360,13651,1595
1154,1576336491.7573473,False,455.880376,474.073599,640,360,13657,1595
1155,1576336491.9444559,False,456.067852,474.073599,640,360,13670,1596
1156,1576336492.28184,False,456.390323,474.073599,640,360,13680,1596
1157,1576336492.7172508,False,456.842048,474.073599,640,360,13685,1597
1158,1576336492.9068081,False,457.019015,474.073599,640,360,13699,1598
1159,1576336493.2435975,False,457.349647,474.073599,640,360,13709,1599
1160,1576336493.6817298,False,457.804563,474.073599,640,360,13715,1599
1161,1576336493.8729603,False,457.989875,474.073599,640,360,13727,1600
1162,1576336494.2021494,False,458.30865,474.073599,640,360,13738,1600
1163,1576336494.6523495,False,458.776602,474.073599,640,360,13752,1602
1164,1576336494.8441312,False,458.966364,474.073599,640,360,13757,1602
1165,1576336495.146223,False,459.271917,474.073599,640,360,13767,1602
1166,1576336495.3361788,False,459.457612,474.073599,640,360,13772,1604
1167,1576336495.643625,False,459.768548,474.073599,640,360,13782,1604
1168,1576336495.8303163,False,459.941814,474.073599,640,360,13786,1604
1169,1576336496.2200007,False,460.331416,474.073599,640,360,13798,1606
1170,1576336496.408539,False,460.53004,474.073599,640,360,13804,1606
1171,1576336496.716408,False,460.841433,474.073599,640,360,13814,1608
1172,1576336497.1773636,False,461.018345,474.073599,640,360,13819,1608
1173,1576336497.3652675,False,461.474091,474.073599,640,360,13832,1610
1174,1576336497.7368438,False,461.856387,479.412266,640,360,13845,1612
1175,1576336498.194653,False,462.315488,479.412266,640,360,13850,1612
1176,1576336498.3717928,False,462.496503,479.412266,640,360,13864,1614
1177,1576336498.68664,False,462.806818,479.412266,640,360,13873,1614
1178,1576336498.8708405,False,462.988881,479.412266,640,360,13878,1614
1179,1576336499.1918683,False,463.306441,479.412266,640,360,13888,1616
1180,1576336499.4001286,False,463.511371,479.412266,640,360,13892,1616
1181,1576336499.8033876,False,463.902339,479.412266,640,360,13904,1618
1182,1576336500.2303584,False,464.349963,484.750932,640,360,13920,1620
1183,1576336500.4180741,False,464.538482,484.750932,640,360,13925,1622
1184,1576336500.727017,False,464.852353,484.750932,640,360,13935,1624
1185,1576336500.9073665,False,465.023237,484.750932,640,360,13940,1624
1186,1576336501.2389243,False,465.353289,484.750932,640,360,13950,1626
1187,1576336501.6925821,False,465.530001,484.750932,640,360,13954,1626
1188,1576336501.874662,False,465.988808,484.750932,640,360,13967,1627
1189,1576336502.228808,False,466.354304,484.750932,640,360,13979,1627
1190,1576336502.4401886,False,466.548158,484.750932,640,360,13983,1628
1191,1576336502.74797,False,466.87311,484.750932,640,360,13995,1629
1192,1576336503.2325304,False,467.069929,484.750932,640,360,14000,1630
1193,1576336503.4263127,False,467.539615,484.750932,640,360,14014,1631
1194,1576336503.7581987,False,467.883326,484.750932,640,360,14024,1632
1195,1576336503.9316437,False,468.05461,484.750932,640,360,14030,1632
1196,1576336504.2560527,False,468.367774,484.750932,640,360,14039,1633
1197,1576336504.7001584,False,468.823685,484.750932,640,360,14045,1633
1198,1576336504.8892288,False,468.997415,484.750932,640,360,14058,1634
1199,1576336505.237995,False,469.338788,484.750932,640,360,14068,1636
1200,1576336505.6856575,False,469.808,484.750932,640,360,14075,1637
1201,1576336505.871828,False,469.993929,484.750932,640,360,14089,1637
1202,1576336506.1837287,False,470.303223,484.750932,640,360,14098,1638
1203,1576336506.6359558,False,470.759675,484.750932,640,360,14103,1638
1204,1576336506.817734,False,470.933382,484.750932,640,360,14117,1639
1205,1576336507.2042906,False,471.273164,484.750932,640,360,14126,1640
1206,1576336507.641525,False,471.765754,484.750932,640,360,14133,1641
1207,1576336507.847974,False,471.954783,484.750932,640,360,14145,1642
1208,1576336508.1966448,False,472.321838,484.750932,640,360,14158,1644
1209,1576336508.3818119,False,472.493738,484.750932,640,360,14163,1644
1210,1576336508.7022953,False,472.822586,484.750932,640,360,14174,1645
1211,1576336509.1680956,False,473.008944,484.750932,640,360,14179,1647
1212,1576336509.3706737,False,473.493186,484.750932,640,360,14193,1648
1213,1576336509.6937242,False,473.808316,490.001,640,360,14203,1648
1214,1576336510.1621218,False,474.27738,490.001,640,360,14208,1649
1215,1576336510.3505769,False,474.474175,490.001,640,360,14222,1649
1216,1576336510.6595745,False,474.784631,490.001,640,360,14232,1651
1217,1576336511.1316707,False,475.250382,490.001,640,360,14237,1651
1218,1576336511.3150353,False,475.439193,490.001,640,360,14252,1653
1219,1576336511.6540647,False,475.766244,490.001,640,360,14261,1654
1220,1576336511.8591325,False,475.968746,490.001,640,360,14267,1657
1221,1576336512.184438,False,476.309259,490.001,640,360,14278,1659
1222,1576336512.366737,False,476.480908,490.001,640,360,14282,1659
1223,1576336512.6846287,False,476.810333,490.089599,640,360,14293,1659
1224,1576336512.8883355,False,477.001837,490.089599,640,360,14298,1662
1225,1576336513.224118,False,477.349172,490.089599,640,360,14310,1663
1226,1576336513.4400494,False,477.548121,490.089599,640,360,14315,1665
1227,1576336513.770748,False,477.883393,490.089599,640,360,14325,1667
1228,1576336513.9499605,False,478.067994,490.089599,640,360,14330,1667
1229,1576336514.2945724,False,478.395882,490.089599,640,360,14339,1667
1230,1576336514.7313023,False,478.852828,490.089599,640,360,14345,1667
1231,1576336514.9235747,False,479.032206,490.089599,640,360,14358,1669
1232,1576336515.4449415,False,479.554166,490.089599,640,360,14375,1672
1233,1576336515.765672,False,479.891242,490.089599,640,360,14385,1673
1234,1576336515.9741838,False,480.079812,490.089599,640,360,14389,1673
1235,1576336516.2817068,False,480.402128,490.089599,640,360,14401,1673
1236,1576336516.4820707,False,480.601059,490.089599,640,360,14406,1675
1237,1576336516.793888,False,480.914142,490.089599,640,360,14415,1675
1238,1576336516.9817002,False,481.105841,490.089599,640,360,14421,1675
1239,1576336517.2924113,False,481.413002,490.089599,640,360,14432,1677
1240,1576336517.4775722,False,481.595158,490.089599,640,360,14436,1679
1241,1576336517.794921,False,481.914418,490.089599,640,360,14446,1679
1242,1576336517.9693925,False,482.092382,490.089599,640,360,14450,1679
1243,1576336518.280288,False,482.400755,490.089599,640,360,14460,1679
1244,1576336518.4832847,False,482.592323,490.089599,640,360,14465,1680
1245,1576336518.8247705,False,482.94987,490.089599,640,360,14477,1680
1246,1576336519.0056205,False,483.121618,490.089599,640,360,14481,1680
1247,1576336519.3351166,False,483.441739,490.089599,640,360,14491,1681
1248,1576336519.5003617,False,483.623686,490.089599,640,360,14497,1681
1249,1576336519.952431,False,484.063182,490.089599,640,360,14510,1682
1250,1576336520.3056166,False,484.417241,490.089599,640,360,14520,1683
1251,1576336520.751829,False,484.589861,490.089599,640,360,14525,1684
1252,1576336520.9406412,False,485.054526,490.089599,640,360,14539,1684
1253,1576336521.2642086,False,485.389211,490.089599,640,360,14549,1686
1254,1576336521.7346337,False,485.572755,490.089599,640,360,14555,1687
1255,1576336521.9367764,False,486.04782,490.089599,640,360,14568,1688
1256,1576336522.3017638,False,486.410844,490.089599,640,360,14580,1689
1257,1576336522.7385962,False,486.86419,490.089599,640,360,14594,1689
1258,1576336522.9327004,False,487.056625,490.089599,640,360,14599,1690
1259,1576336523.2784033,False,487.387768,490.089599,640,360,14609,1690
1260,1576336523.7329457,False,487.854977,498.798299,640,360,14623,1692
1261,1576336523.9241602,False,488.037738,498.798299,640,360,14629,1692
1262,1576336524.2845597,False,488.404252,498.798299,640,360,14640,1694
1263,1576336524.4815948,False,488.605437,498.798299,640,360,14645,1695
1264,1576336524.7950191,False,488.915142,498.798299,640,360,14655,1696
1265,1576336524.9827242,False,489.096825,498.798299,640,360,14659,1697
1266,1576336525.37085,False,489.476802,498.798299,640,360,14672,1698
1267,1576336525.817879,False,489.940891,500.001,640,360,14677,1699
1268,1576336526.0188675,False,490.127209,500.001,640,360,14690,1700
1269,1576336526.3733132,False,490.479315,500.001,256,144,14703,1702
1270,1576336526.8198178,False,490.93954,500.001,256,144,14708,1702
1271,1576336527.0017507,False,491.115976,500.001,256,144,14720,1702
1272,1576336527.3848798,False,491.494015,500.001,256,144,14732,1704
1273,1576336527.805711,False,491.931372,500.001,256,144,14746,1704
