,bandwidth_mbit,bandwidth_mbit_-1,bandwidth_mbit_-10,bandwidth_mbit_-2,bandwidth_mbit_-3,bandwidth_mbit_-4,bandwidth_mbit_-5,bandwidth_mbit_-6,bandwidth_mbit_-7,bandwidth_mbit_-8,bandwidth_mbit_-9,bitrate_level,body_size_byte,buffer_estimate_0,byte_end,byte_start,n_segment,previous_bitrate,previous_quality,previous_vmaf,quality_level_chosen,quality_level_chosen_-1,quality_level_chosen_-10,quality_level_chosen_-2,quality_level_chosen_-3,quality_level_chosen_-4,quality_level_chosen_-5,quality_level_chosen_-6,quality_level_chosen_-7,quality_level_chosen_-8,quality_level_chosen_-9,quality_shift,quality_shift_bitrate_-1,quality_shift_bitrate_-2,quality_shift_bitrate_0,quality_shift_bitrate_1,quality_shift_bitrate_2,quality_shift_byte_-1,quality_shift_byte_-2,quality_shift_byte_0,quality_shift_byte_1,quality_shift_byte_2,quality_shift_vmaf_-1,quality_shift_vmaf_-2,quality_shift_vmaf_0,quality_shift_vmaf_1,quality_shift_vmaf_2,rebuffer_estimate_0,seg_len_s,t_download_s,t_download_s_-1,t_download_s_-10,t_download_s_-2,t_download_s_-3,t_download_s_-4,t_download_s_-5,t_download_s_-6,t_download_s_-7,t_download_s_-8,t_download_s_-9,t_end,t_start,timestamp_finish,timestamp_start,url,vmaf_level
0,2.865073291925466,,,,,,,,,,,461254.0,576596,0.0,0,0,0,0.0,0,0.0,0,,,,,,,,,,,0,461254.0,461254.0,461254.0,718726.0,1276983.0,576596,576596,576596,898452,1596308,44.37869980079682,44.37869980079682,44.37869980079682,59.98412358565736,77.90539135458167,0.0,10.000489,1.61,,,,,,,,,,,10.0,0.0,1576338293.419,1576338291.776,https://zdfvodnone-vh.akamaihd.net/i/meta-files/tivi/smil/m3u8/300/19/09/190923_mauerfall_sendung_pur/3/190923_mauerfall_sendung_pur.smil/segment1_476000_av.ts,44.37869980079682
1,2.7272794671300318,,,,,,,,,,,1883459.0,2354324,0.0,0,0,1,0.0,0,0.0,3,,,,,,,,,,,-3,463683.0,463683.0,463683.0,709136.0,1262608.0,579604,579604,579604,886420,1578260,50.47452316,50.47452316,50.47452316,66.70356699999998,83.90817812,1.7790000438690186,10.0,6.906000000000001,,,,,,,,,,,20.0,10.0,1576338300.502,1576338293.555,https://zdfvodnone-vh.akamaihd.net/i/meta-files/tivi/smil/m3u8/300/19/09/190923_mauerfall_sendung_pur/3/190923_mauerfall_sendung_pur.smil/segment2_2296000_av.ts,90.03723048000003
2,-0.008,,,,,,,,,,,1878646.0,-1,9.950000047683716,0,0,2,0.0,0,0.0,3,,,,,,,,,,,-3,473308.0,473308.0,473308.0,713948.0,1252982.0,591636,591636,591636,892436,1566228,54.60886704000002,54.60886704000002,54.60886704000002,71.56425039999998,88.93867431999998,6.947000026702881,10.0,0.001,,,,,,,,,,,30.0,20.0,1576338300.6100001,1576338300.552,https://zdfvodnone-vh.akamaihd.net/i/meta-files/tivi/smil/m3u8/300/19/09/190923_mauerfall_sendung_pur/3/190923_mauerfall_sendung_pur.smil/segment3_2296000_av.ts,94.98047516
3,-0.008,2.7272794671300318,,,,,,,,,,473308.0,-1,4.939000129699707,0,0,2,1883459.0,3,90.03723048000003,0,3.0,,,,,,,,,,3,1252982.0,713948.0,1878646.0,2708854.0,2708854.0,1566228,892436,2348308,3386068,3386068,88.93867431999998,71.56425039999998,94.98047516,100.0,100.0,0.0,10.0,0.001,6.906000000000001,,,,,,,,,,30.0,20.0,1576338305.6069999,1576338305.563,https://zdfvodnone-vh.akamaihd.net/i/meta-files/tivi/smil/m3u8/300/19/09/190923_mauerfall_sendung_pur/3/190923_mauerfall_sendung_pur.smil/segment3_476000_av.ts,54.60886704000002
4,-0.008,2.3606423940149623,,2.7272794671300318,,,,,,,,745208.0,-1,12.836000204086304,0,0,3,1878646.0,3,94.98047516,1,0.0,,3.0,,,,,,,,2,1341977.0,745208.0,2025373.0,2838711.0,2838711.0,1677524,931540,2531796,3548500,3548500,86.68472484000004,70.34882404000003,92.29133175999998,100.0,100.0,0.0,10.000311,0.001,2.005,,6.906000000000001,,,,,,,,40.0,30.0,1576338307.7199998,1576338307.666,https://zdfvodnone-vh.akamaihd.net/i/meta-files/tivi/smil/m3u8/300/19/09/190923_mauerfall_sendung_pur/3/190923_mauerfall_sendung_pur.smil/segment4_776000_av.ts,70.34882404000003
5,-0.008,14.786349206349206,,2.3606423940149623,2.7272794671300318,,,,,,,1267420.0,-1,22.23900008201599,0,0,4,473308.0,0,54.60886704000002,2,1.0,,0.0,3.0,,,,,,,-2,442025.0,442025.0,442025.0,677852.0,1267420.0,552532,552532,552532,847316,1584276,53.94648296,53.94648296,53.94648296,69.96399367999999,85.71295479999999,0.0,10.0,0.001,0.504,,2.005,6.906000000000001,,,,,,,50.0,40.0,1576338308.319,1576338308.263,https://zdfvodnone-vh.akamaihd.net/i/meta-files/tivi/smil/m3u8/300/19/09/190923_mauerfall_sendung_pur/3/190923_mauerfall_sendung_pur.smil/segment5_1496000_av.ts,85.71295479999999
6,-0.008,27.855402197802196,,14.786349206349206,2.3606423940149623,2.7272794671300318,,,,,,2068752.0,-1,31.680999994277954,0,0,5,745208.0,1,70.34882404000003,3,2.0,,1.0,0.0,3.0,,,,,,-2,454057.0,454057.0,701916.0,1346832.0,2068752.0,567572,567572,877396,1683540,2585940,55.18376404000002,55.18376404000002,71.09034636,87.80020268000004,92.707203,0.0,10.0,0.001,0.455,,0.504,2.005,6.906000000000001,,,,,,60.0,50.0,1576338308.839,1576338308.821,https://zdfvodnone-vh.akamaihd.net/i/meta-files/tivi/smil/m3u8/300/19/09/190923_mauerfall_sendung_pur/3/190923_mauerfall_sendung_pur.smil/segment6_2296000_av.ts,92.707203
7,-0.008,31.487853881278536,,27.855402197802196,14.786349206349206,2.3606423940149623,2.7272794671300318,,,,,2586093.0,-1,40.93300008773804,0,0,6,1267420.0,2,85.71295479999999,4,3.0,,2.0,1.0,0.0,3.0,,,,,-2,665811.0,434800.0,1212057.0,1866589.0,2586093.0,832276,543508,1515092,2333268,3232660,68.49336063999996,51.34467867999996,85.02059548000003,91.33730059999996,100.0,0.0,10.000133,0.001,0.657,,0.455,0.504,2.005,6.906000000000001,,,,,70.0,60.0,1576338309.833,1576338309.569,https://zdfvodnone-vh.akamaihd.net/i/meta-files/tivi/smil/m3u8/300/19/09/190923_mauerfall_sendung_pur/3/190923_mauerfall_sendung_pur.smil/segment7_3296000_av.ts,100.0
8,-0.008,37.534513788098685,,31.487853881278536,27.855402197802196,14.786349206349206,2.3606423940149623,2.7272794671300318,,,,1724636.0,-1,49.90500020980835,0,0,7,2068752.0,3,92.707203,4,4.0,,3.0,2.0,1.0,0.0,3.0,,,,-1,793360.0,456464.0,1277046.0,1724636.0,1724636.0,991700,570580,1596308,2155796,2155796,82.59494492,68.49289976,88.11423647999997,100.0,100.0,0.0,10.0,0.001,0.6890000000000001,,0.657,0.455,0.504,2.005,6.906000000000001,,,,80.0,70.0,1576338310.6169999,1576338310.597,https://zdfvodnone-vh.akamaihd.net/i/meta-files/tivi/smil/m3u8/300/19/09/190923_mauerfall_sendung_pur/3/190923_mauerfall_sendung_pur.smil/segment8_3296000_av.ts,100.0
9,-0.008,40.107832558139535,,37.534513788098685,31.487853881278536,27.855402197802196,14.786349206349206,2.3606423940149623,2.7272794671300318,,,2100025.0,-1,59.39100003242493,0,0,8,2586093.0,4,100.0,4,4.0,,4.0,3.0,2.0,1.0,0.0,3.0,,,0,1450300.0,981054.0,2100025.0,2100025.0,2100025.0,1812884,1226324,2625044,2625044,2625044,90.04350427999996,85.68790515999997,100.0,100.0,100.0,0.0,10.000045,0.001,0.43,,0.6890000000000001,0.657,0.455,0.504,2.005,6.906000000000001,,,90.0,80.0,1576338311.134,1576338311.111,https://zdfvodnone-vh.akamaihd.net/i/meta-files/tivi/smil/m3u8/300/19/09/190923_mauerfall_sendung_pur/3/190923_mauerfall_sendung_pur.smil/segment9_3296000_av.ts,100.0
10,-0.008,29.872477951635844,,40.107832558139535,37.534513788098685,31.487853881278536,27.855402197802196,14.786349206349206,2.3606423940149623,2.7272794671300318,,2181852.0,-1,68.60400009155273,0,0,9,1724636.0,4,100.0,4,4.0,,4.0,4.0,3.0,2.0,1.0,0.0,3.0,,0,1445494.0,947369.0,2181852.0,2181852.0,2181852.0,1806868,1184212,2727316,2727316,2727316,89.33185055999998,85.42239916000003,100.0,100.0,100.0,0.0,10.0,0.001,0.7030000000000001,,0.43,0.6890000000000001,0.657,0.455,0.504,2.005,6.906000000000001,,100.0,90.0,1576338311.931,1576338311.898,https://zdfvodnone-vh.akamaihd.net/i/meta-files/tivi/smil/m3u8/300/19/09/190923_mauerfall_sendung_pur/3/190923_mauerfall_sendung_pur.smil/segment10_3296000_av.ts,100.0
11,-0.008,35.88573684210527,,29.872477951635844,40.107832558139535,37.534513788098685,31.487853881278536,27.855402197802196,14.786349206349206,2.3606423940149623,2.7272794671300318,3077033.0,-1,77.91600012779236,0,0,10,2100025.0,4,100.0,4,4.0,,4.0,4.0,4.0,3.0,2.0,1.0,0.0,3.0,0,2051907.0,1334800.0,3077033.0,3077033.0,3077033.0,2564884,1668500,3846292,3846292,3846292,90.23208355999995,86.85993791999991,100.0,100.0,100.0,0.0,10.0,0.001,0.608,,0.7030000000000001,0.43,0.6890000000000001,0.657,0.455,0.504,2.005,6.906000000000001,110.0,100.0,1576338312.618,1576338312.586,https://zdfvodnone-vh.akamaihd.net/i/meta-files/tivi/smil/m3u8/300/19/09/190923_mauerfall_sendung_pur/3/190923_mauerfall_sendung_pur.smil/segment11_3296000_av.ts,100.0
12,-0.008,47.780024844720494,2.7272794671300318,35.88573684210527,29.872477951635844,40.107832558139535,37.534513788098685,31.487853881278536,27.855402197802196,14.786349206349206,2.3606423940149623,2540349.0,-1,87.16400003433228,0,0,11,2181852.0,4,100.0,4,4.0,3.0,4.0,4.0,4.0,4.0,3.0,2.0,1.0,0.0,0,1753474.0,971411.0,2540349.0,2540349.0,2540349.0,2191892,1214292,3175508,3175508,3175508,88.04771692,84.38192008000003,100.0,100.0,100.0,0.0,10.000223,0.001,0.644,6.906000000000001,0.608,0.7030000000000001,0.43,0.6890000000000001,0.657,0.455,0.504,2.005,120.0,110.0,1576338313.362,1576338313.338,https://zdfvodnone-vh.akamaihd.net/i/meta-files/tivi/smil/m3u8/300/19/09/190923_mauerfall_sendung_pur/3/190923_mauerfall_sendung_pur.smil/segment12_3296000_av.ts,100.0
13,-0.008,30.75552542372881,2.3606423940149623,47.780024844720494,35.88573684210527,29.872477951635844,40.107832558139535,37.534513788098685,31.487853881278536,27.855402197802196,14.786349206349206,2776233.0,-1,96.26500010490417,0,0,12,3077033.0,4,100.0,4,4.0,0.0,4.0,4.0,4.0,4.0,4.0,3.0,2.0,1.0,0,1700572.0,1038812.0,2776233.0,2776233.0,2776233.0,2125716,1298516,3470292,3470292,3470292,86.94583648,82.67090432,100.0,100.0,100.0,0.0,10.0,0.001,0.8260000000000001,2.005,0.644,0.608,0.7030000000000001,0.43,0.6890000000000001,0.657,0.455,0.504,130.0,120.0,1576338314.259,1576338314.237,https://zdfvodnone-vh.akamaihd.net/i/meta-files/tivi/smil/m3u8/300/19/09/190923_mauerfall_sendung_pur/3/190923_mauerfall_sendung_pur.smil/segment13_3296000_av.ts,100.0
14,-0.008,38.77421229050279,14.786349206349206,30.75552542372881,47.780024844720494,35.88573684210527,29.872477951635844,40.107832558139535,37.534513788098685,31.487853881278536,27.855402197802196,2978371.0,-1,105.47200012207031,0,0,13,2540349.0,4,100.0,4,4.0,1.0,4.0,4.0,4.0,4.0,4.0,4.0,3.0,2.0,0,2124099.0,1243356.0,2978371.0,2978371.0,2978371.0,2655124,1554196,3722964,3722964,3722964,88.87910532000004,85.05070667999998,100.0,100.0,100.0,0.0,10.0,0.001,0.716,0.504,0.8260000000000001,0.644,0.608,0.7030000000000001,0.43,0.6890000000000001,0.657,0.455,140.0,130.0,1576338315.064,1576338315.03,https://zdfvodnone-vh.akamaihd.net/i/meta-files/tivi/smil/m3u8/300/19/09/190923_mauerfall_sendung_pur/3/190923_mauerfall_sendung_pur.smil/segment14_3296000_av.ts,100.0
15,-0.008,43.41648979591836,27.855402197802196,38.77421229050279,30.75552542372881,47.780024844720494,35.88573684210527,29.872477951635844,40.107832558139535,37.534513788098685,31.487853881278536,3120223.0,-1,114.6890001296997,0,0,14,2776233.0,4,100.0,4,4.0,2.0,4.0,4.0,4.0,4.0,4.0,4.0,4.0,3.0,0,2140858.0,1392497.0,3120223.0,3120223.0,3120223.0,2676180,1740692,3900436,3900436,3900436,90.21108484000004,85.18897940000002,100.0,100.0,100.0,0.0,10.0004,0.001,0.686,0.455,0.716,0.8260000000000001,0.644,0.608,0.7030000000000001,0.43,0.6890000000000001,0.657,150.0,140.0,1576338315.8339999,1576338315.813,https://zdfvodnone-vh.akamaihd.net/i/meta-files/tivi/smil/m3u8/300/19/09/190923_mauerfall_sendung_pur/3/190923_mauerfall_sendung_pur.smil/segment15_3296000_av.ts,100.0
16,-0.008,47.34975417298938,31.487853881278536,43.41648979591836,38.77421229050279,30.75552542372881,47.780024844720494,35.88573684210527,29.872477951635844,40.107832558139535,37.534513788098685,3401897.0,-1,123.95500016212463,0,0,15,2978371.0,4,100.0,4,4.0,3.0,4.0,4.0,4.0,4.0,4.0,4.0,4.0,4.0,0,2427305.0,1592284.0,3401897.0,3401897.0,3401897.0,3034132,1990356,4252372,4252372,4252372,92.13264248,86.46595083999998,100.0,100.0,100.0,0.0,10.0,0.001,0.659,0.657,0.686,0.716,0.8260000000000001,0.644,0.608,0.7030000000000001,0.43,0.6890000000000001,160.0,150.0,1576338316.576,1576338316.547,https://zdfvodnone-vh.akamaihd.net/i/meta-files/tivi/smil/m3u8/300/19/09/190923_mauerfall_sendung_pur/3/190923_mauerfall_sendung_pur.smil/segment16_3296000_av.ts,100.0
17,-0.008,47.64562464985994,37.534513788098685,47.34975417298938,43.41648979591836,38.77421229050279,30.75552542372881,47.780024844720494,35.88573684210527,29.872477951635844,40.107832558139535,2150569.0,-1,133.1360001564026,0,0,16,3120223.0,4,100.0,4,4.0,4.0,4.0,4.0,4.0,4.0,4.0,4.0,4.0,4.0,0,1123036.0,742825.0,2150569.0,2150569.0,2150569.0,1403796,928532,2688212,2688212,2688212,90.02762084,86.91103491999998,100.0,100.0,100.0,0.0,10.0,0.001,0.714,0.6890000000000001,0.659,0.686,0.716,0.8260000000000001,0.644,0.608,0.7030000000000001,0.43,170.0,160.0,1576338317.386,1576338317.366,https://zdfvodnone-vh.akamaihd.net/i/meta-files/tivi/smil/m3u8/300/19/09/190923_mauerfall_sendung_pur/3/190923_mauerfall_sendung_pur.smil/segment17_3296000_av.ts,100.0
18,-0.008,49.781703703703705,40.107832558139535,47.64562464985994,47.34975417298938,43.41648979591836,38.77421229050279,30.75552542372881,47.780024844720494,35.88573684210527,29.872477951635844,2865104.0,-1,142.6449999809265,0,0,17,3401897.0,4,100.0,4,4.0,4.0,4.0,4.0,4.0,4.0,4.0,4.0,4.0,4.0,0,1568130.0,1062815.0,2865104.0,2865104.0,2865104.0,1960276,1328596,3581588,3581588,3581588,90.41283448000004,87.08424364000003,100.0,100.0,100.0,0.0,10.000577999999999,0.001,0.432,0.43,0.714,0.659,0.686,0.716,0.8260000000000001,0.644,0.608,0.7030000000000001,180.0,170.0,1576338317.88,1576338317.857,https://zdfvodnone-vh.akamaihd.net/i/meta-files/tivi/smil/m3u8/300/19/09/190923_mauerfall_sendung_pur/3/190923_mauerfall_sendung_pur.smil/segment18_3296000_av.ts,100.0
19,-0.008,51.074338680926914,29.872477951635844,49.781703703703705,47.64562464985994,47.34975417298938,43.41648979591836,38.77421229050279,30.75552542372881,47.780024844720494,35.88573684210527,2648694.0,-1,151.98600006103516,0,0,18,2150569.0,4,100.0,4,4.0,4.0,4.0,4.0,4.0,4.0,4.0,4.0,4.0,4.0,0,1279452.0,875177.0,2648694.0,2648694.0,2648694.0,1599316,1093972,3310868,3310868,3310868,90.18920404000004,87.12993415999996,100.0,100.0,100.0,0.0,10.0,0.001,0.561,0.7030000000000001,0.432,0.714,0.659,0.686,0.716,0.8260000000000001,0.644,0.608,190.0,180.0,1576338318.537,1576338318.516,https://zdfvodnone-vh.akamaihd.net/i/meta-files/tivi/smil/m3u8/300/19/09/190923_mauerfall_sendung_pur/3/190923_mauerfall_sendung_pur.smil/segment19_3296000_av.ts,100.0
20,-0.008,48.42220109689213,35.88573684210527,51.074338680926914,49.781703703703705,47.64562464985994,47.34975417298938,43.41648979591836,38.77421229050279,30.75552542372881,47.780024844720494,2942275.0,-1,161.3600001335144,0,0,19,2865104.0,4,100.0,4,4.0,4.0,4.0,4.0,4.0,4.0,4.0,4.0,4.0,4.0,0,1743888.0,1161539.0,2942275.0,2942275.0,2942275.0,2179860,1451924,3677844,3677844,3677844,91.59919139999997,87.55314463999996,100.0,100.0,100.0,0.0,10.0,0.001,0.547,0.608,0.561,0.432,0.714,0.659,0.686,0.716,0.8260000000000001,0.644,200.0,190.0,1576338319.165,1576338319.142,https://zdfvodnone-vh.akamaihd.net/i/meta-files/tivi/smil/m3u8/300/19/09/190923_mauerfall_sendung_pur/3/190923_mauerfall_sendung_pur.smil/segment20_3296000_av.ts,100.0
21,-0.008,45.546055727554176,47.780024844720494,48.42220109689213,51.074338680926914,49.781703703703705,47.64562464985994,47.34975417298938,43.41648979591836,38.77421229050279,30.75552542372881,3151390.0,-1,170.6230001449585,0,0,20,2648694.0,4,100.0,4,4.0,4.0,4.0,4.0,4.0,4.0,4.0,4.0,4.0,4.0,0,2306808.0,1527194.0,3151390.0,3151390.0,3151390.0,2883732,1909140,3939540,3939540,3939540,93.24384776,87.98849632000002,100.0,100.0,100.0,0.0,10.000767,0.001,0.646,0.644,0.547,0.561,0.432,0.714,0.659,0.686,0.716,0.8260000000000001,210.0,200.0,1576338319.8999999,1576338319.879,https://zdfvodnone-vh.akamaihd.net/i/meta-files/tivi/smil/m3u8/300/19/09/190923_mauerfall_sendung_pur/3/190923_mauerfall_sendung_pur.smil/segment21_3296000_av.ts,100.0
22,-0.008,35.85474402730375,30.75552542372881,45.546055727554176,48.42220109689213,51.074338680926914,49.781703703703705,47.64562464985994,47.34975417298938,43.41648979591836,38.77421229050279,817424.0,-1,179.63000011444092,0,0,21,2942275.0,4,100.0,4,4.0,4.0,4.0,4.0,4.0,4.0,4.0,4.0,4.0,4.0,0,663414.0,475715.0,817424.0,817424.0,817424.0,829268,594644,1021780,1021780,1021780,88.09803479999998,83.81251452,100.0,100.0,100.0,0.0,10.0,0.001,0.879,0.8260000000000001,0.646,0.547,0.561,0.432,0.714,0.659,0.686,0.716,220.0,210.0,1576338320.8899999,1576338320.872,https://zdfvodnone-vh.akamaihd.net/i/meta-files/tivi/smil/m3u8/300/19/09/190923_mauerfall_sendung_pur/3/190923_mauerfall_sendung_pur.smil/segment22_3296000_av.ts,100.0
23,-0.008,51.73569620253164,38.77421229050279,35.85474402730375,45.546055727554176,48.42220109689213,51.074338680926914,49.781703703703705,47.64562464985994,47.34975417298938,43.41648979591836,2814736.0,-1,180.38700008392334,0,0,22,3151390.0,4,100.0,4,4.0,4.0,4.0,4.0,4.0,4.0,4.0,4.0,4.0,4.0,0,1933993.0,1221699.0,2814736.0,2814736.0,2814736.0,2417492,1527124,3518420,3518420,3518420,91.62302816000006,86.28769116000004,100.0,100.0,100.0,0.0,10.0,0.001,0.158,0.716,0.879,0.646,0.547,0.561,0.432,0.714,0.659,0.686,230.0,220.0,1576338330.139,1576338330.115,https://zdfvodnone-vh.akamaihd.net/i/meta-files/tivi/smil/m3u8/300/19/09/190923_mauerfall_sendung_pur/3/190923_mauerfall_sendung_pur.smil/segment23_3296000_av.ts,100.0
24,-0.008,28.48923076923077,43.41648979591836,51.73569620253164,35.85474402730375,45.546055727554176,48.42220109689213,51.074338680926914,49.781703703703705,47.64562464985994,47.34975417298938,3045459.0,-1,180.38700008392334,0,0,23,817424.0,4,100.0,4,4.0,4.0,4.0,4.0,4.0,4.0,4.0,4.0,4.0,4.0,0,2104649.0,1329861.0,3045459.0,3045459.0,3045459.0,2631060,1662484,3807188,3807188,3807188,90.75302811999997,86.64009352,100.0,100.0,100.0,0.0,10.000945,0.001,0.988,0.686,0.158,0.879,0.646,0.547,0.561,0.432,0.714,0.659,240.0,230.0,1576338340.136,1576338340.115,https://zdfvodnone-vh.akamaihd.net/i/meta-files/tivi/smil/m3u8/300/19/09/190923_mauerfall_sendung_pur/3/190923_mauerfall_sendung_pur.smil/segment24_3296000_av.ts,100.0
25,-0.008,24.924307692307693,47.34975417298938,28.48923076923077,51.73569620253164,35.85474402730375,45.546055727554176,48.42220109689213,51.074338680926914,49.781703703703705,47.64562464985994,3531843.0,-1,180.38499999046326,0,0,24,2814736.0,4,100.0,4,4.0,4.0,4.0,4.0,4.0,4.0,4.0,4.0,4.0,4.0,0,2410460.0,1589878.0,3531843.0,3531843.0,3531843.0,3013076,1987348,4414804,4414804,4414804,50.16424375999999,47.80829163999998,100.0,100.0,100.0,0.0,10.0,0.001,1.222,0.659,0.988,0.158,0.879,0.646,0.547,0.561,0.432,0.714,250.0,240.0,1576338350.137,1576338350.117,https://zdfvodnone-vh.akamaihd.net/i/meta-files/tivi/smil/m3u8/300/19/09/190923_mauerfall_sendung_pur/3/190923_mauerfall_sendung_pur.smil/segment25_3296000_av.ts,100.0
26,-0.008,29.38305490848586,47.64562464985994,24.924307692307693,28.48923076923077,51.73569620253164,35.85474402730375,45.546055727554176,48.42220109689213,51.074338680926914,49.781703703703705,3194947.0,-1,180.38700008392334,0,0,25,3045459.0,4,100.0,4,4.0,4.0,4.0,4.0,4.0,4.0,4.0,4.0,4.0,4.0,0,2229980.0,1467152.0,3194947.0,3194947.0,3194947.0,2787476,1833940,3993684,3993684,3993684,49.34549095999999,47.59557912,100.0,100.0,100.0,0.0,10.0,0.001,1.202,0.714,1.222,0.988,0.158,0.879,0.646,0.547,0.561,0.432,260.0,250.0,1576338360.147,1576338360.115,https://zdfvodnone-vh.akamaihd.net/i/meta-files/tivi/smil/m3u8/300/19/09/190923_mauerfall_sendung_pur/3/190923_mauerfall_sendung_pur.smil/segment26_3296000_av.ts,100.0
27,-0.008,22.72366429587482,49.781703703703705,29.38305490848586,24.924307692307693,28.48923076923077,51.73569620253164,35.85474402730375,45.546055727554176,48.42220109689213,51.074338680926914,3225868.0,-1,180.38499999046326,0,0,26,3531843.0,4,100.0,4,4.0,4.0,4.0,4.0,4.0,4.0,4.0,4.0,4.0,4.0,0,2292289.0,1507891.0,3225868.0,3225868.0,3225868.0,2865684,1885076,4032788,4032788,4032788,45.06080527999998,43.136154600000005,100.0,100.0,100.0,0.0,10.001123,0.001,1.4060000000000001,0.432,1.202,1.222,0.988,0.158,0.879,0.646,0.547,0.561,270.0,260.0,1576338370.14,1576338370.117,https://zdfvodnone-vh.akamaihd.net/i/meta-files/tivi/smil/m3u8/300/19/09/190923_mauerfall_sendung_pur/3/190923_mauerfall_sendung_pur.smil/segment27_3296000_av.ts,100.0
28,-0.008,41.953581274382316,51.074338680926914,22.72366429587482,29.38305490848586,24.924307692307693,28.48923076923077,51.73569620253164,35.85474402730375,45.546055727554176,48.42220109689213,2126505.0,-1,180.38700008392334,0,0,27,3194947.0,4,100.0,4,4.0,4.0,4.0,4.0,4.0,4.0,4.0,4.0,4.0,4.0,0,1534531.0,995497.0,2126505.0,2126505.0,2126505.0,1918164,1244372,2658132,2658132,2658132,58.70816091999999,56.19074159999995,100.0,100.0,100.0,0.0,10.0,0.001,0.769,0.561,1.4060000000000001,1.202,1.222,0.988,0.158,0.879,0.646,0.547,280.01,270.01,1576338380.134,1576338380.115,https://zdfvodnone-vh.akamaihd.net/i/meta-files/tivi/smil/m3u8/300/19/09/190923_mauerfall_sendung_pur/3/190923_mauerfall_sendung_pur.smil/segment28_3296000_av.ts,100.0
29,-0.008,57.78547826086956,48.42220109689213,41.953581274382316,22.72366429587482,29.38305490848586,24.924307692307693,28.48923076923077,51.73569620253164,35.85474402730375,45.546055727554176,2805110.0,-1,180.39700008392333,0,0,28,3225868.0,4,100.0,4,4.0,4.0,4.0,4.0,4.0,4.0,4.0,4.0,4.0,4.0,0,1950838.0,1284265.0,2805110.0,2805110.0,2805110.0,2438548,1605332,3506388,3506388,3506388,42.14312900000002,40.23198120000001,100.0,100.0,100.0,0.0,10.0,0.001,0.368,0.547,0.769,1.4060000000000001,1.202,1.222,0.988,0.158,0.879,0.646,290.01,280.01,1576338390.132,1576338390.115,https://zdfvodnone-vh.akamaihd.net/i/meta-files/tivi/smil/m3u8/300/19/09/190923_mauerfall_sendung_pur/3/190923_mauerfall_sendung_pur.smil/segment29_3296000_av.ts,100.0
30,-0.008,61.78657268722466,45.546055727554176,57.78547826086956,41.953581274382316,22.72366429587482,29.38305490848586,24.924307692307693,28.48923076923077,51.73569620253164,35.85474402730375,2925053.0,-1,180.39700008392333,0,0,29,2126505.0,4,100.0,4,4.0,4.0,4.0,4.0,4.0,4.0,4.0,4.0,4.0,4.0,0,1998706.0,1325002.0,2925053.0,2925053.0,2925053.0,2498708,1656468,3656788,3656788,3656788,57.44587855999999,54.28584352,100.0,100.0,100.0,0.0,10.0013,0.001,0.454,0.646,0.368,0.769,1.4060000000000001,1.202,1.222,0.988,0.158,0.879,300.01,290.01,1576338400.252,1576338400.115,https://zdfvodnone-vh.akamaihd.net/i/meta-files/tivi/smil/m3u8/300/19/09/190923_mauerfall_sendung_pur/3/190923_mauerfall_sendung_pur.smil/segment30_3296000_av.ts,100.0
31,-0.008,34.57955555555555,35.85474402730375,61.78657268722466,57.78547826086956,41.953581274382316,22.72366429587482,29.38305490848586,24.924307692307693,28.48923076923077,51.73569620253164,2607785.0,-1,180.39700008392333,0,0,30,2805110.0,4,100.0,4,4.0,4.0,4.0,4.0,4.0,4.0,4.0,4.0,4.0,4.0,0,1982121.0,1298704.0,2607785.0,2607785.0,2607785.0,2477652,1623380,3259732,3259732,3259732,91.73693400000008,87.52015143999998,100.0,100.0,100.0,0.0,10.0,0.001,0.846,0.879,0.454,0.368,0.769,1.4060000000000001,1.202,1.222,0.988,0.158,310.01,300.01,1576338410.138,1576338410.115,https://zdfvodnone-vh.akamaihd.net/i/meta-files/tivi/smil/m3u8/300/19/09/190923_mauerfall_sendung_pur/3/190923_mauerfall_sendung_pur.smil/segment31_3296000_av.ts,100.0
32,-0.008,60.08722580645161,51.73569620253164,34.57955555555555,61.78657268722466,57.78547826086956,41.953581274382316,22.72366429587482,29.38305490848586,24.924307692307693,28.48923076923077,2718480.0,-1,180.39700008392333,0,0,31,2925053.0,4,100.0,4,4.0,4.0,4.0,4.0,4.0,4.0,4.0,4.0,4.0,4.0,0,2066345.0,1339612.0,2718480.0,2718480.0,2718480.0,2582932,1674516,3398100,3398100,3398100,92.36167499999998,88.74624432000005,100.0,100.0,100.0,0.0,10.0,0.001,0.434,0.158,0.846,0.454,0.368,0.769,1.4060000000000001,1.202,1.222,0.988,320.01,310.01,1576338420.135,1576338420.115,https://zdfvodnone-vh.akamaihd.net/i/meta-files/tivi/smil/m3u8/300/19/09/190923_mauerfall_sendung_pur/3/190923_mauerfall_sendung_pur.smil/segment32_3296000_av.ts,100.0
33,-0.008,82.12930513595165,28.48923076923077,60.08722580645161,34.57955555555555,61.78657268722466,57.78547826086956,41.953581274382316,22.72366429587482,29.38305490848586,24.924307692307693,3278686.0,-1,180.39700008392333,0,0,32,2607785.0,4,100.0,4,4.0,4.0,4.0,4.0,4.0,4.0,4.0,4.0,4.0,4.0,0,2191154.0,1469341.0,3278686.0,3278686.0,3278686.0,2739348,1836948,4098964,4098964,4098964,91.37360668,86.64022492,100.0,100.0,100.0,0.0,10.001478,0.001,0.331,0.988,0.434,0.846,0.454,0.368,0.769,1.4060000000000001,1.202,1.222,330.01,320.01,1576338430.136,1576338430.115,https://zdfvodnone-vh.akamaihd.net/i/meta-files/tivi/smil/m3u8/300/19/09/190923_mauerfall_sendung_pur/3/190923_mauerfall_sendung_pur.smil/segment33_3296000_av.ts,100.0
34,-0.008,37.6051743119266,24.924307692307693,82.12930513595165,60.08722580645161,34.57955555555555,61.78657268722466,57.78547826086956,41.953581274382316,22.72366429587482,29.38305490848586,2444150.0,-1,180.39700008392333,0,0,33,2718480.0,4,100.0,4,4.0,4.0,4.0,4.0,4.0,4.0,4.0,4.0,4.0,4.0,0,1630787.0,1111004.0,2444150.0,2444150.0,2444150.0,2038484,1388756,3055188,3055188,3055188,89.99538643999998,85.33122011999995,100.0,100.0,100.0,0.0,10.0,0.001,0.872,1.222,0.331,0.434,0.846,0.454,0.368,0.769,1.4060000000000001,1.202,340.01,330.01,1576338440.134,1576338440.115,https://zdfvodnone-vh.akamaihd.net/i/meta-files/tivi/smil/m3u8/300/19/09/190923_mauerfall_sendung_pur/3/190923_mauerfall_sendung_pur.smil/segment34_3296000_av.ts,100.0
35,-0.008,42.80473555166374,29.38305490848586,37.6051743119266,82.12930513595165,60.08722580645161,34.57955555555555,61.78657268722466,57.78547826086956,41.953581274382316,22.72366429587482,2408054.0,-1,180.39700008392333,0,0,34,3278686.0,4,100.0,4,4.0,4.0,4.0,4.0,4.0,4.0,4.0,4.0,4.0,4.0,0,1705385.0,1118224.0,2408054.0,2408054.0,2408054.0,2131732,1397780,3010068,3010068,3010068,92.98925348000006,89.25396092000003,100.0,100.0,100.0,0.0,10.0,0.001,0.5710000000000001,1.202,0.872,0.331,0.434,0.846,0.454,0.368,0.769,1.4060000000000001,350.01,340.01,1576338450.133,1576338450.115,https://zdfvodnone-vh.akamaihd.net/i/meta-files/tivi/smil/m3u8/300/19/09/190923_mauerfall_sendung_pur/3/190923_mauerfall_sendung_pur.smil/segment35_3296000_av.ts,100.0
36,-0.008,40.88377589134126,22.72366429587482,42.80473555166374,37.6051743119266,82.12930513595165,60.08722580645161,34.57955555555555,61.78657268722466,57.78547826086956,41.953581274382316,2811860.0,-1,180.3940000629425,0,0,35,2444150.0,4,100.0,4,4.0,4.0,4.0,4.0,4.0,4.0,4.0,4.0,4.0,4.0,0,1890363.0,1245555.0,2811860.0,2811860.0,2811860.0,2363348,1557204,3515412,3515412,3515412,88.80125416000004,84.37287940000002,100.0,100.0,100.0,0.0,10.001667,0.001,0.589,1.4060000000000001,0.5710000000000001,0.872,0.331,0.434,0.846,0.454,0.368,0.769,360.01,350.01,1576338460.137,1576338460.118,https://zdfvodnone-vh.akamaihd.net/i/meta-files/tivi/smil/m3u8/300/19/09/190923_mauerfall_sendung_pur/3/190923_mauerfall_sendung_pur.smil/segment36_3296000_av.ts,100.0
37,-0.008,26.733171102661597,41.953581274382316,40.88377589134126,42.80473555166374,37.6051743119266,82.12930513595165,60.08722580645161,34.57955555555555,61.78657268722466,57.78547826086956,1801641.0,-1,180.39700008392333,0,0,36,2408054.0,4,100.0,4,4.0,4.0,4.0,4.0,4.0,4.0,4.0,4.0,4.0,4.0,0,1443088.0,954588.0,1801641.0,1801641.0,1801641.0,1803860,1193236,2252052,2252052,2252052,89.72178463999997,86.75225011999999,100.0,100.0,100.0,0.0,10.0,0.001,1.052,0.769,0.589,0.5710000000000001,0.872,0.331,0.434,0.846,0.454,0.368,370.01,360.01,1576338470.131,1576338470.115,https://zdfvodnone-vh.akamaihd.net/i/meta-files/tivi/smil/m3u8/300/19/09/190923_mauerfall_sendung_pur/3/190923_mauerfall_sendung_pur.smil/segment37_3296000_av.ts,100.0
38,-0.008,85.79245714285715,57.78547826086956,26.733171102661597,40.88377589134126,42.80473555166374,37.6051743119266,82.12930513595165,60.08722580645161,34.57955555555555,61.78657268722466,3315267.0,-1,180.39600015640258,0,0,37,2811860.0,4,100.0,4,4.0,4.0,4.0,4.0,4.0,4.0,4.0,4.0,4.0,4.0,0,2280515.0,1474371.0,3315267.0,3315267.0,3315267.0,2850644,1842964,4144084,4144084,4144084,89.03984496,84.87191563999998,100.0,100.0,100.0,0.0,10.0,0.001,0.21,0.368,1.052,0.589,0.5710000000000001,0.872,0.331,0.434,0.846,0.454,380.01,370.01,1576338480.142,1576338480.116,https://zdfvodnone-vh.akamaihd.net/i/meta-files/tivi/smil/m3u8/300/19/09/190923_mauerfall_sendung_pur/3/190923_mauerfall_sendung_pur.smil/segment38_3296000_av.ts,100.0
39,-0.008,97.79549262536871,61.78657268722466,85.79245714285715,26.733171102661597,40.88377589134126,42.80473555166374,37.6051743119266,82.12930513595165,60.08722580645161,34.57955555555555,2900831.0,-1,180.39700008392333,0,0,38,1801641.0,4,100.0,4,4.0,4.0,4.0,4.0,4.0,4.0,4.0,4.0,4.0,4.0,0,1943260.0,1317712.0,2900831.0,2900831.0,2900831.0,2429524,1647444,3626708,3626708,3626708,90.70656471999992,86.40797963999992,100.0,100.0,100.0,0.0,10.001845,0.001,0.339,0.454,0.21,1.052,0.589,0.5710000000000001,0.872,0.331,0.434,0.846,390.01,380.01,1576338490.137,1576338490.115,https://zdfvodnone-vh.akamaihd.net/i/meta-files/tivi/smil/m3u8/300/19/09/190923_mauerfall_sendung_pur/3/190923_mauerfall_sendung_pur.smil/segment39_3296000_av.ts,100.0
40,-0.008,90.385246105919,34.57955555555555,97.79549262536871,85.79245714285715,26.733171102661597,40.88377589134126,42.80473555166374,37.6051743119266,82.12930513595165,60.08722580645161,2516342.0,-1,180.39700008392333,0,0,39,3315267.0,4,100.0,4,4.0,4.0,4.0,4.0,4.0,4.0,4.0,4.0,4.0,4.0,0,1748700.0,1154320.0,2516342.0,2516342.0,2516342.0,2185876,1442900,3145428,3145428,3145428,90.58979548000003,86.58750556,100.0,100.0,100.0,0.0,10.0,0.001,0.321,0.846,0.339,0.21,1.052,0.589,0.5710000000000001,0.872,0.331,0.434,400.01,390.01,1576338500.14,1576338500.115,https://zdfvodnone-vh.akamaihd.net/i/meta-files/tivi/smil/m3u8/300/19/09/190923_mauerfall_sendung_pur/3/190923_mauerfall_sendung_pur.smil/segment40_3296000_av.ts,100.0
41,-0.008,88.9166925795053,60.08722580645161,90.385246105919,97.79549262536871,85.79245714285715,26.733171102661597,40.88377589134126,42.80473555166374,37.6051743119266,82.12930513595165,2465808.0,-1,180.39700008392333,0,0,40,2900831.0,4,100.0,4,4.0,4.0,4.0,4.0,4.0,4.0,4.0,4.0,4.0,4.0,0,1731856.0,1118224.0,2465808.0,2465808.0,2465808.0,2164820,1397780,3082260,3082260,3082260,90.8678194,87.44590836,100.0,100.0,100.0,0.0,10.0,0.001,0.28300000000000003,0.434,0.321,0.339,0.21,1.052,0.589,0.5710000000000001,0.872,0.331,410.01,400.01,1576338510.133,1576338510.115,https://zdfvodnone-vh.akamaihd.net/i/meta-files/tivi/smil/m3u8/300/19/09/190923_mauerfall_sendung_pur/3/190923_mauerfall_sendung_pur.smil/segment41_3296000_av.ts,100.0
42,-0.008,89.0183393501805,82.12930513595165,88.9166925795053,90.385246105919,97.79549262536871,85.79245714285715,26.733171102661597,40.88377589134126,42.80473555166374,37.6051743119266,2920026.0,-1,180.39700008392333,0,0,41,2516342.0,4,100.0,4,4.0,4.0,4.0,4.0,4.0,4.0,4.0,4.0,4.0,4.0,0,1945631.0,1274382.0,2920026.0,2920026.0,2920026.0,2432532,1593300,3650772,3650772,3650772,92.08471543999993,88.76465828000003,100.0,100.0,100.0,0.0,10.002023,0.001,0.277,0.331,0.28300000000000003,0.321,0.339,0.21,1.052,0.589,0.5710000000000001,0.872,420.01,410.01,1576338520.141,1576338520.115,https://zdfvodnone-vh.akamaihd.net/i/meta-files/tivi/smil/m3u8/300/19/09/190923_mauerfall_sendung_pur/3/190923_mauerfall_sendung_pur.smil/segment42_3296000_av.ts,100.0
43,-0.008,91.84332075471698,37.6051743119266,89.0183393501805,88.9166925795053,90.385246105919,97.79549262536871,85.79245714285715,26.733171102661597,40.88377589134126,42.80473555166374,2658320.0,-1,180.39700008392333,0,0,42,2465808.0,4,100.0,4,4.0,4.0,4.0,4.0,4.0,4.0,4.0,4.0,4.0,4.0,0,1808860.0,1178384.0,2658320.0,2658320.0,2658320.0,2261076,1472980,3322900,3322900,3322900,90.5352204,87.36099331999996,100.0,100.0,100.0,0.0,10.0,0.001,0.318,0.872,0.277,0.28300000000000003,0.321,0.339,0.21,1.052,0.589,0.5710000000000001,430.01,420.01,1576338530.134,1576338530.115,https://zdfvodnone-vh.akamaihd.net/i/meta-files/tivi/smil/m3u8/300/19/09/190923_mauerfall_sendung_pur/3/190923_mauerfall_sendung_pur.smil/segment43_3296000_av.ts,100.0
44,-0.008,90.72764505119454,42.80473555166374,91.84332075471698,89.0183393501805,88.9166925795053,90.385246105919,97.79549262536871,85.79245714285715,26.733171102661597,40.88377589134126,3240668.0,-1,180.39700008392333,0,0,43,2920026.0,4,100.0,4,4.0,4.0,4.0,4.0,4.0,4.0,4.0,4.0,4.0,4.0,0,2297360.0,1457526.0,3240668.0,3240668.0,3240668.0,2871700,1821908,4050836,4050836,4050836,91.90523504000005,88.51195172,100.0,100.0,100.0,0.0,10.0,0.001,0.293,0.5710000000000001,0.318,0.277,0.28300000000000003,0.321,0.339,0.21,1.052,0.589,440.01,430.01,1576338540.137,1576338540.115,https://zdfvodnone-vh.akamaihd.net/i/meta-files/tivi/smil/m3u8/300/19/09/190923_mauerfall_sendung_pur/3/190923_mauerfall_sendung_pur.smil/segment44_3296000_av.ts,100.0
45,-0.008,90.26932590529248,40.88377589134126,90.72764505119454,91.84332075471698,89.0183393501805,88.9166925795053,90.385246105919,97.79549262536871,85.79245714285715,26.733171102661597,3280848.0,-1,180.39700008392333,0,0,44,2658320.0,4,100.0,4,4.0,4.0,4.0,4.0,4.0,4.0,4.0,4.0,4.0,4.0,0,2215049.0,1457202.0,3280848.0,3280848.0,3280848.0,2769428,1821908,4101972,4101972,4101972,90.71316367999997,86.22736840000003,100.0,100.0,100.0,0.0,10.002222999999999,0.001,0.359,0.589,0.293,0.318,0.277,0.28300000000000003,0.321,0.339,0.21,1.052,450.01,440.01,1576338550.135,1576338550.115,https://zdfvodnone-vh.akamaihd.net/i/meta-files/tivi/smil/m3u8/300/19/09/190923_mauerfall_sendung_pur/3/190923_mauerfall_sendung_pur.smil/segment45_3296000_av.ts,100.0
46,-0.008,90.15323076923077,26.733171102661597,90.26932590529248,90.72764505119454,91.84332075471698,89.0183393501805,88.9166925795053,90.385246105919,97.79549262536871,85.79245714285715,2473027.0,-1,180.39700008392333,0,0,45,3240668.0,4,100.0,4,4.0,4.0,4.0,4.0,4.0,4.0,4.0,4.0,4.0,4.0,0,1755920.0,1151913.0,2473027.0,2473027.0,2473027.0,2194900,1439892,3091284,3091284,3091284,89.96018960000002,84.08962207999998,100.0,100.0,100.0,0.0,10.0,0.001,0.364,1.052,0.359,0.293,0.318,0.277,0.28300000000000003,0.321,0.339,0.21,460.02,450.02,1576338560.137,1576338560.115,https://zdfvodnone-vh.akamaihd.net/i/meta-files/tivi/smil/m3u8/300/19/09/190923_mauerfall_sendung_pur/3/190923_mauerfall_sendung_pur.smil/segment46_3296000_av.ts,100.0
47,-0.008,34.491313807531384,85.79245714285715,90.15323076923077,90.26932590529248,90.72764505119454,91.84332075471698,89.0183393501805,88.9166925795053,90.385246105919,97.79549262536871,2598160.0,-1,180.40700008392332,0,0,46,3280848.0,4,100.0,4,4.0,4.0,4.0,4.0,4.0,4.0,4.0,4.0,4.0,4.0,0,1775171.0,1156726.0,2598160.0,2598160.0,2598160.0,2218964,1445908,3247700,3247700,3247700,87.91151524000001,82.62696872000005,100.0,100.0,100.0,0.0,10.0,0.001,0.717,0.21,0.364,0.359,0.293,0.318,0.277,0.28300000000000003,0.321,0.339,470.02,460.02,1576338570.139,1576338570.115,https://zdfvodnone-vh.akamaihd.net/i/meta-files/tivi/smil/m3u8/300/19/09/190923_mauerfall_sendung_pur/3/190923_mauerfall_sendung_pur.smil/segment47_3296000_av.ts,100.0
